magnitude,dmin,gap,depth,latitude,longitude,tsunami,is_ocean,is_steep_slope
7.0,0.509,17.0,14.0,-9.7963,159.596,1,1,1
6.9,2.229,34.0,25.0,-4.9559,100.738,0,1,1
7.0,3.125,18.0,579.0,-20.0508,-178.346,1,1,1
7.3,1.865,21.0,37.0,-19.2918,-172.129,1,1,1
6.6,4.998,27.0,624.464,-25.5948,178.278,1,1,0
7.0,4.578,26.0,660.0,-26.0442,178.381,1,1,0
6.8,4.678,22.0,630.379,-25.9678,178.363,1,1,0
6.7,1.151,37.0,20.0,7.6712,-82.3396,1,1,1
6.8,2.137,92.0,20.0,18.33,-102.913,1,0,1
7.6,1.153,69.0,26.943,18.3667,-103.252,1,0,1
6.9,0.401,34.0,10.0,23.1444,121.307,1,0,1
6.5,0.43,54.0,10.0,23.029,121.348,1,1,1
7.0,2.977,45.0,137.0,-21.2077,170.239,1,1,0
7.6,3.158,12.0,116.0,-6.2237,146.471,1,0,1
6.6,8.454,34.0,12.0,29.7263,102.279,0,0,1
6.6,5.293,34.0,30.0,-32.6922,-178.959,1,1,1
7.0,5.276,22.0,33.729,17.5978,120.809,1,0,0
6.5,1.999,31.0,622.73,-9.0618,-71.1647,0,0,0
7.2,2.494,40.0,236.0,-14.8628,-70.3081,1,0,0
6.9,0.371,45.0,10.0,-54.1325,159.027,1,1,1
6.8,1.505,30.0,220.0,-23.6141,-66.7236,1,0,0
6.6,0.914,94.0,27.0,11.5538,-86.9919,1,1,0
7.0,2.705,26.0,10.0,-22.5732,170.349,1,1,0
6.9,2.697,42.0,10.0,-22.72,170.277,1,1,1
6.7,0.289,32.0,24.0,23.3421,121.636,1,1,1
7.3,2.936,29.0,41.0,37.7015,141.587,1,1,0
6.7,2.188,43.0,28.0,-0.6831,98.6034,0,1,0
6.6,0.827,46.0,24.0,-30.0528,-177.74,1,1,1
6.8,5.78,12.0,535.0,-23.7852,-179.968,1,1,0
6.5,3.026,22.0,110.0,-4.455,-76.9395,0,0,0
6.5,1.088,57.0,8.0,-29.535,-176.729,1,1,1
6.6,2.418,22.0,33.0,-6.9291,105.251,0,1,0
6.5,1.61607,108.0,37.0,52.502,-168.08,1,1,1
6.5,0.0,208.8,37.0,52.502,-168.08,1,1,1
6.6,0.507,49.0,19.0,52.6252,-168.15,1,1,1
6.7,0.936943,126.0,33.0,52.48,-167.736,1,1,1
6.7,0.0,205.2,33.0,52.48,-167.736,1,1,1
6.8,0.92,61.0,20.0,52.6563,-167.917,1,1,1
6.6,1.168,21.0,21.0,35.1456,31.9095,0,1,1
6.6,2.685,13.0,13.0,37.8167,101.299,0,0,0
7.3,3.713,19.0,165.49,-7.5924,127.581,0,1,1
7.3,1.025,32.0,14.27,-7.6033,122.2,1,1,0
7.5,4.951,40.0,126.0,-4.4898,-76.8461,1,0,0
6.6,3.259,15.0,12.0,23.5414,126.48,1,1,1
6.9,0.0,0.0,51.6,56.2581,-156.492,1,1,0
6.9,4.778,31.0,535.0,-21.1704,174.54,1,1,0
7.3,4.493,32.0,527.0,-21.1036,174.895,1,1,0
6.5,0.993,114.0,21.0,12.1598,-87.8542,1,1,1
7.0,0.07,43.0,20.0,16.9502,-99.7877,1,0,1
7.1,9.799,32.0,6.0,-60.3026,-24.9992,1,1,0
6.6,8.865,19.0,7.0,-60.1023,-24.4608,1,1,1
6.9,0.579,54.0,93.0,-14.892,167.085,1,1,1
6.9,8.363,48.0,16.7,-58.3814,-23.3318,1,1,0
7.2,1.178,23.0,10.0,18.3521,-73.4804,1,0,1
6.9,0.0,0.0,33.3,55.2364,-157.707,1,1,0
6.9,1.173,36.0,20.74,55.2657,-157.68,1,1,0
8.1,7.463,78.0,22.79,-58.4157,-25.3206,0,1,1
7.5,7.227,38.0,47.23,-57.5959,-25.1874,1,1,1
7.1,1.273,25.0,55.14,6.4547,126.742,1,1,1
8.2,0.875,66.0,46.66,55.4742,-157.917,1,1,0
8.2,0.0,0.0,35.0,55.3154,-157.829,1,1,0
6.7,8.139,12.0,110.0,13.6989,120.713,1,1,0
6.7,1.395,61.0,10.0,7.5904,-82.8813,1,1,1
6.5,7.994,24.0,25.0,-30.2144,-177.773,1,1,1
6.5,4.518,44.0,10.0,-16.4796,-177.356,1,1,0
7.3,4.655,9.0,10.0,34.5861,98.2551,0,0,0
6.7,1.487,37.0,11.0,0.1684,96.6475,0,1,0
6.7,10.669,45.0,10.0,-17.2495,66.3745,0,1,0
6.9,2.619,35.0,43.0,38.2296,141.665,1,1,0
6.5,5.931,20.0,246.0,-21.6857,-177.064,0,1,0
6.5,10.405,19.0,301.0,-18.9204,-176.235,0,1,0
7.0,2.378,35.0,43.0,38.4752,141.607,1,1,0
6.6,3.183,18.0,13.23,54.7018,163.208,1,1,1
6.5,11.764,25.0,24.0,-28.4792,-176.619,0,1,1
8.1,0.739,21.0,28.93,-29.7466,-177.224,1,1,1
7.4,0.437,30.0,43.0,-29.6131,-177.842,1,1,0
7.3,0.918,24.0,10.0,-37.596,179.544,1,1,1
7.1,3.085,11.0,43.98,37.6856,141.992,1,1,0
7.7,7.989,15.0,10.0,-23.2787,171.489,1,1,0
6.9,1.55,16.0,15.0,-61.8484,-55.559,1,1,0
7.0,2.821,15.0,80.0,5.0074,127.517,1,1,1
6.7,2.043,22.0,10.0,51.2407,100.443,0,0,0
6.7,1.319,19.0,10.0,-39.3264,-74.9067,1,1,1
7.0,1.518,18.0,21.0,37.8973,26.7953,0,1,0
7.6,0.23,36.0,28.37,54.662,-159.675,1,1,1
6.9,11.255,16.0,10.0,0.9604,-26.8332,1,1,0
6.5,0.388,49.0,16.0,-27.9285,-71.3937,0,1,1
6.8,0.312,69.0,21.0,-28.013,-71.1958,1,1,1
6.5,15.394,31.0,10.0,0.8696,-29.7046,0,1,0
6.9,2.267,20.0,624.0,-6.6704,123.493,0,1,0
6.9,1.716,25.0,26.0,-4.2791,101.215,0,1,1
6.8,1.816,34.0,22.0,-4.3724,101.095,0,1,1
6.6,5.128,14.0,10.0,12.0065,124.13,1,1,0
7.8,0.621,60.0,28.0,55.1079,-158.477,1,1,0
7.0,1.671,18.0,73.0,-7.847,147.755,1,1,1
6.6,1.458,14.0,533.76,-5.6368,110.678,0,1,0
7.4,0.151,30.0,20.0,15.9163,-95.9533,1,0,1
7.4,4.035,23.0,10.0,-33.2938,-177.838,1,1,1
6.6,2.015,18.0,165.0,28.9386,128.262,1,1,0
6.8,1.164,21.0,112.0,-23.2966,-68.4204,1,0,0
6.5,0.357,55.79,2.7,38.1689,-117.85,0,0,0
6.6,3.403,12.0,107.0,-12.0662,166.648,1,1,1
6.8,1.921,16.0,96.0,-6.7762,129.785,0,1,0
6.5,1.293,19.0,10.0,34.1818,25.7101,0,1,1
6.5,0.885,31.0,12.06,44.4646,-115.118,0,0,0
7.5,4.109,12.0,57.8,48.9638,157.695,1,1,1
7.0,4.501,25.0,143.0,45.6161,148.959,1,1,0
7.7,1.657,26.0,14.86,19.4193,-78.756,1,1,1
6.7,0.87,49.0,10.0,38.4312,39.0609,0,0,0
6.8,0.546,39.0,18.0,6.6969,125.174,1,0,0
7.1,1.271,11.0,33.0,1.6213,126.416,1,1,0
6.5,4.765,25.0,577.0,-21.9449,-179.511,0,1,0
6.6,5.086,48.0,10.0,-18.5747,-175.272,1,1,0
6.5,0.428,19.0,10.0,6.9098,125.178,1,0,0
6.6,0.646,24.0,15.0,6.7567,125.008,1,0,0
6.7,1.269,98.0,11.0,-35.4758,-73.163,1,1,1
6.5,3.909,15.0,12.26,-3.4528,128.37,1,1,1
6.6,4.121,19.0,591.0,-20.3641,-178.57,1,1,0
6.6,12.896,19.0,16.0,-60.2152,-26.5801,1,1,0
6.9,2.839,23.0,49.0,-7.2822,104.791,0,1,0
6.8,0.817,35.0,25.0,-34.2364,-72.3102,1,1,1
6.6,6.024,30.0,181.0,-16.1985,167.998,1,0,1
7.2,1.504,38.0,18.98,-0.5858,128.034,1,0,0
6.6,2.978,32.0,10.0,-18.2242,120.358,0,1,0
6.9,1.205,21.0,35.0,0.5126,126.189,0,1,0
7.1,0.04616,43.0,8.0,35.7695,-117.599,0,0,0
7.3,2.629,16.0,212.0,-6.4078,129.169,1,1,1
7.3,1.402,11.0,46.0,-30.6441,-178.1,1,1,0
6.6,1.193,22.0,57.92,13.1994,-89.3056,1,1,0
8.0,3.18,17.0,122.57,-5.8119,-75.2697,1,0,0
7.6,0.453,16.0,10.0,-4.051,152.597,1,1,1
7.1,2.514,16.0,146.0,-6.9746,146.449,1,0,0
6.8,0.791,28.0,15.46,-1.8146,122.58,1,1,0
6.5,7.568,18.0,38.0,-58.6262,-25.304,1,1,1
7.0,2.501,42.0,267.0,-14.7131,-70.1546,1,0,0
7.5,2.045,15.0,145.0,-2.1862,-77.0505,1,0,0
6.7,0.289,43.0,66.0,14.6802,-92.4527,1,1,0
6.7,7.527,17.0,13.0,-43.1219,42.3568,0,1,0
6.7,0.173,22.0,63.0,-30.0404,-71.3815,1,0,1
6.6,7.818,18.0,35.0,-13.336,166.875,1,1,1
6.6,1.596,33.0,43.21,2.258,126.758,1,1,0
6.8,1.181,16.0,570.41,-8.144,-71.587,0,0,0
7.0,1.769,21.0,60.21,5.8983,126.921,1,1,1
7.3,4.126,23.0,16.56,55.0999,164.699,1,1,1
7.1,7.043,20.0,133.0,-58.5446,-26.3856,1,1,1
6.6,2.679,31.0,10.0,-22.0629,169.733,1,1,1
7.5,2.405,18.0,10.0,-21.9496,169.427,1,1,1
7.1,0.0,0.0,46.7,61.3464,-149.955,1,0,0
6.8,2.879,39.0,540.0,-17.8735,-178.927,1,1,0
6.7,7.853,19.0,10.0,71.6312,-11.2431,1,1,0
6.8,2.268,15.0,14.0,37.5203,20.5565,0,1,1
6.5,1.692,68.0,10.0,49.297,-129.724,0,1,0
6.8,1.505,36.0,10.0,49.3346,-129.289,1,1,0
6.5,1.611,63.0,10.0,49.2586,-129.412,1,1,0
6.5,2.109,22.0,17.0,-21.7427,169.522,1,1,1
6.7,2.705,17.0,461.0,52.8549,153.243,1,1,0
6.5,3.923,14.0,20.0,49.2902,156.297,1,1,1
7.0,1.778,18.0,39.0,-5.7012,151.205,1,0,1
6.7,3.745,23.0,550.0,-18.3604,-178.063,1,1,0
7.5,1.649,13.0,20.0,-0.2559,119.846,0,0,0
6.5,5.139,18.0,576.0,-25.415,178.199,0,1,0
6.9,2.785,18.0,115.0,-31.7447,-179.373,0,1,0
6.5,1.638,25.0,68.0,-10.0207,161.503,1,1,0
7.9,1.431,12.0,670.81,-18.4743,179.35,1,1,1
6.6,1.13,32.0,35.0,42.6861,141.929,1,0,0
7.1,2.548,23.0,21.43,-22.0295,170.126,1,1,1
7.1,3.77,12.0,630.0,-11.0355,-70.8284,0,0,0
6.5,4.797,10.0,9.0,-16.0315,168.143,1,1,0
7.3,1.822,15.0,146.82,10.7731,-62.9019,1,1,0
6.9,2.453,31.0,21.0,-8.319,116.627,0,0,0
8.2,3.63,13.0,600.0,-18.1125,-178.153,1,1,0
6.5,2.719,23.0,529.0,-7.3718,119.802,0,1,1
6.5,0.576,22.0,33.93,51.4234,-178.026,1,1,1
6.9,2.271,15.0,34.0,-8.2581,116.438,0,0,0
6.9,0.11,210.0,5.81,19.3182,-155.0,1,1,1
6.8,5.32,16.0,559.0,-20.6588,-63.0058,0,0,0
6.9,1.487,18.0,35.0,-5.5321,151.5,1,1,1
6.7,1.507,15.0,40.0,-5.5024,151.402,1,0,1
6.8,1.049,16.0,22.86,-4.3762,153.2,1,1,0
6.7,5.457,19.0,20.49,-6.3043,142.612,1,0,0
7.5,5.48,17.0,25.21,-6.0699,142.754,1,0,0
7.2,0.142,82.0,22.0,16.3855,-97.9787,1,0,0
7.9,2.585,30.0,14.06,56.0039,-149.166,1,1,0
7.1,4.29,23.0,39.0,-15.7675,-74.7092,1,1,1
7.5,4.581,12.0,19.0,17.4825,-83.52,1,1,1
6.5,2.365,28.0,90.0,-7.4921,108.174,0,0,0
6.5,17.654,23.0,17.0,-54.2189,2.1628,1,1,1
7.0,0.617,14.0,10.0,-21.3246,168.671,1,1,1
6.6,0.529,21.0,13.0,-21.5027,168.598,1,1,1
6.5,0.225,37.0,19.36,9.5147,-84.4865,1,1,0
7.3,0.284,33.0,19.0,34.9109,45.9592,0,0,0
6.5,4.449,10.0,110.57,-4.2433,143.485,1,0,0
6.8,4.852,21.0,10.0,-15.3197,-173.168,1,1,1
6.6,0.788,29.0,22.0,-21.6484,168.859,1,1,1
6.7,1.062,55.0,24.0,-21.6971,169.148,1,1,1
6.7,1.634,16.0,553.81,-7.2168,123.074,0,1,0
6.5,1.154,11.0,119.0,52.3909,176.769,1,1,1
7.1,0.984,23.0,48.0,18.5499,-98.4887,0,0,0
8.2,0.944,22.0,47.39,15.0222,-93.8993,1,1,1
6.5,11.411,22.0,9.0,33.1926,103.855,0,0,1
6.6,0.913,16.0,7.0,36.9293,27.4139,0,1,0
7.7,3.564,13.0,10.0,54.4434,168.857,1,1,1
6.6,3.773,37.0,10.0,-49.4837,164.016,1,1,1
6.5,4.139,30.0,9.0,11.1269,124.629,1,0,0
6.8,1.065,38.0,38.12,13.7174,-90.9718,1,1,0
6.9,0.247,35.0,93.0,14.9091,-92.0092,1,0,1
6.8,2.308,12.0,5.0,54.0312,170.92,1,1,0
6.6,2.353,18.0,12.0,-1.2923,120.431,0,0,1
6.5,6.489,17.0,15.0,-56.414,-25.7432,1,1,1
6.8,7.495,19.0,169.0,-14.5884,167.377,1,1,0
6.9,1.636,14.0,26.0,5.5043,125.066,1,1,1
6.9,0.356,39.0,28.0,-33.0375,-72.0617,1,1,1
6.5,2.36,15.0,29.0,-22.6784,25.1558,0,0,0
6.6,4.591,14.0,17.0,56.9401,162.786,1,0,1
6.9,6.012,19.0,414.5,-23.2593,-178.804,1,1,1
6.5,4.242,14.0,595.98,-19.2814,-63.9047,0,0,0
6.5,2.822,36.0,15.0,9.9071,125.452,1,1,0
7.9,3.625,9.0,135.0,-6.2464,155.172,1,0,0
6.5,1.64,21.0,36.0,-10.3506,161.335,1,1,1
7.3,3.813,18.0,627.17,4.4782,122.617,1,1,0
6.9,2.495,13.0,12.0,-19.3733,176.052,1,1,0
7.6,0.355,29.0,38.0,-43.4064,-73.9413,1,0,0
6.7,3.38,17.0,152.0,-7.5082,127.921,0,1,1
7.9,1.389,13.0,94.54,-4.5049,153.522,1,1,1
6.9,1.747,26.0,19.73,-10.749,161.132,1,1,1
6.5,1.937,18.0,12.26,-10.8416,161.314,0,1,1
7.8,1.836,13.0,40.0,-10.6812,161.327,1,1,1
6.6,1.405,55.0,8.45,40.4535,-126.194,1,1,0
6.5,0.778,27.0,13.0,5.2834,96.1678,0,1,0
6.6,1.697,20.0,17.0,39.2732,73.9776,0,0,0
6.9,1.796,20.0,10.0,11.9097,-88.8968,1,1,1
6.9,0.671,10.0,9.0,37.3931,141.387,1,1,0
6.5,0.283,56.0,9.0,-42.6058,173.254,1,0,1
6.5,0.135,58.0,10.0,-42.3205,173.669,1,0,0
7.8,0.481,21.0,15.11,-42.7373,173.054,1,0,0
6.6,0.174,25.0,8.0,42.8621,13.0961,0,0,0
6.6,2.022,16.0,614.0,-4.8626,108.163,0,1,0
6.8,3.727,11.0,42.0,-6.0033,148.887,1,0,1
6.9,4.051,9.0,596.4,-19.7819,-178.244,1,1,1
7.0,0.698,21.0,19.0,-37.3586,179.146,1,1,1
6.8,0.803,12.0,476.0,-3.6849,152.792,1,1,0
6.8,1.802,17.0,82.0,20.9228,94.569,0,0,0
7.2,4.823,14.0,16.37,-22.4765,173.117,1,1,1
7.7,3.294,14.0,196.0,18.5429,145.507,1,1,0
6.6,2.435,16.0,50.0,-2.0967,100.665,0,1,0
7.2,5.803,24.0,78.0,-56.2409,-26.9353,1,1,1
6.9,5.485,19.0,405.69,-21.9724,-178.204,1,1,0
6.9,1.192,17.0,29.95,0.4947,-79.616,1,0,0
6.7,1.352,21.0,16.0,0.4261,-79.7899,1,0,0
7.0,0.616,14.0,24.0,-16.0429,167.379,1,0,1
7.8,1.44,15.0,20.59,0.3819,-79.9218,1,0,0
7.0,0.349,32.0,10.0,32.7906,130.754,1,0,0
6.9,3.001,14.0,136.0,23.0944,94.8654,0,0,0
6.6,0.789,17.0,212.0,36.4725,71.1311,0,0,0
6.7,6.787,25.0,27.59,-13.9805,166.594,1,1,0
6.7,6.697,19.0,24.0,-14.0683,166.624,1,1,1
6.9,1.166,25.0,26.0,-14.3235,166.855,1,1,1
7.8,7.009,20.0,24.0,-4.9521,94.3299,0,1,0
7.2,0.958,17.0,177.0,53.9776,158.546,1,0,0
7.1,0.0,0.0,125.6,59.6204,-153.339,1,0,0
6.6,2.413,74.0,10.0,18.8239,-106.934,1,1,0
6.7,0.281,22.0,46.0,41.9723,142.781,1,1,0
6.5,3.144,22.0,13.0,3.8965,126.862,1,1,1
6.7,1.794,16.0,55.0,24.8036,93.6505,0,0,0
6.6,0.41,35.0,85.0,15.8015,-93.633,1,0,0
6.9,2.979,14.0,21.0,-4.1064,129.508,0,1,0
7.2,1.116,18.0,22.0,38.2107,72.7797,0,0,0
6.7,2.033,19.0,602.75,-9.1825,-71.2574,0,0,0
7.6,2.852,10.0,620.56,-10.0598,-71.0184,0,0,0
7.6,3.287,10.0,606.21,-10.5372,-70.9437,1,0,0
6.8,1.599,19.0,12.59,-8.8994,158.422,1,1,1
6.5,0.0,0.0,11.0,38.67,20.6,0,0,1
6.7,1.444,17.0,12.0,31.0009,128.873,0,1,0
6.9,0.821,43.0,10.0,-29.5097,-72.0585,0,1,1
6.9,0.784,32.0,12.0,-29.5067,-72.0068,1,1,1
6.6,2.792,31.0,10.0,6.8431,94.648,0,1,0
6.8,0.258,41.0,46.0,-30.8796,-71.4519,1,0,1
6.5,1.53,21.0,20.0,-8.3381,124.875,0,0,1
7.5,0.622,18.0,231.0,36.5244,70.3676,0,0,0
7.1,0.592,11.0,135.0,-14.8595,167.303,1,1,0
6.6,2.486,13.0,18.0,-0.6212,131.262,0,1,0
6.6,1.064,14.0,35.0,-31.7275,-71.3792,1,0,1
6.7,0.853,35.0,23.0,-31.5173,-71.804,0,1,1
6.5,0.749,62.0,27.0,-31.4244,-71.6876,0,1,1
7.0,0.903,13.0,28.41,-31.5622,-71.4262,0,0,1
8.3,0.684,19.0,22.44,-31.5729,-71.6744,1,1,1
6.7,1.256,123.0,10.0,24.913,-109.623,1,1,0
6.5,2.045,16.0,6.43,-9.3293,157.877,1,1,1
6.6,1.872,20.0,22.0,-9.3438,158.053,1,1,1
7.0,6.278,12.0,48.0,-2.6286,138.528,1,0,0
6.9,0.444,39.0,29.0,52.376,-169.446,1,1,1
7.0,5.205,22.0,11.0,-10.4012,165.141,1,1,0
6.5,1.218,20.0,20.0,13.8672,-58.5479,1,1,0
6.7,1.529,11.0,12.0,-9.307,158.403,1,1,0
6.5,2.277,11.0,460.0,27.7375,139.725,0,1,0
7.8,1.675,12.0,664.0,27.8386,140.493,1,1,0
6.8,0.0,0.0,72.6,56.594,-156.43,1,1,0
6.8,3.619,18.0,10.0,-11.1093,163.215,1,1,1
6.9,4.024,22.0,11.19,-11.0559,163.696,1,1,1
6.8,4.395,15.0,11.0,-10.8759,164.169,1,1,1
6.8,1.422,8.0,35.0,38.9056,142.032,1,1,0
7.3,0.677,11.0,15.0,27.8087,86.0655,0,0,1
7.1,3.835,11.0,10.0,-7.2175,154.557,1,1,1
7.5,1.295,22.0,55.0,-5.4624,151.875,1,0,1
6.8,1.074,23.0,44.0,-5.2005,151.777,1,0,1
6.7,1.239,12.0,31.0,-5.375,151.771,1,0,1
6.7,0.727,13.0,22.91,27.7711,86.0173,0,0,0
6.6,1.778,16.0,10.0,28.2244,84.8216,0,0,1
7.8,1.857,12.0,8.22,28.2305,84.7314,0,0,1
6.5,3.702,42.0,10.0,-15.8815,-178.6,1,1,1
6.5,4.629,36.0,11.0,-15.4994,-173.029,1,1,1
7.5,0.666,19.0,41.0,-4.7294,152.562,1,1,1
7.0,1.362,12.0,552.06,-7.2968,122.535,0,1,0
6.7,1.925,20.0,23.0,39.8558,142.881,1,1,0
6.7,2.11,16.0,223.0,-23.1125,-66.688,1,0,0
6.8,2.019,13.0,219.96,-17.0309,168.52,1,1,0
6.5,4.318,61.0,8.0,5.9045,-82.6576,1,1,0
6.6,2.485,43.0,20.0,7.9401,-82.6865,1,1,0
6.6,3.246,12.0,23.0,-6.5108,154.46,1,1,1
6.6,2.6,9.0,614.0,6.1572,123.126,0,1,0
6.8,1.421,19.0,39.0,1.9604,126.575,1,1,0
6.5,1.549,9.0,35.0,2.2999,127.056,1,1,0
6.7,1.079,25.0,22.0,-37.6478,179.662,1,1,1
7.1,1.397,18.0,45.0,1.8929,126.522,1,1,0
6.6,3.557,13.0,53.19,-5.9873,148.232,1,1,1
7.1,4.415,13.0,434.0,-19.6903,-177.759,1,1,0
7.3,1.078,18.0,40.0,12.5262,-88.1225,1,1,0
6.7,0.46,11.0,130.0,13.7641,144.429,1,1,1
6.8,4.107,18.0,101.0,-14.598,-73.5714,1,0,0
6.9,6.393,12.0,13.0,0.8295,146.169,1,1,0
6.9,3.934,15.0,615.42,-19.8015,-178.4,1,1,0
6.5,2.421,9.0,20.0,37.0052,142.452,1,1,1
6.9,0.263,51.0,53.0,14.724,-92.4614,1,1,0
6.5,2.124,15.0,20.0,-6.2304,152.807,1,1,0
6.7,6.713,45.0,18.0,-14.9831,-175.51,1,1,0
6.9,4.838,25.0,8.0,-55.4703,-28.3669,1,1,1
7.9,0.133,22.0,109.0,51.8486,178.735,1,1,0
6.7,0.748,43.0,26.59,-29.9414,-177.607,0,1,1
6.5,0.778,30.0,10.0,-29.9379,-177.516,0,1,1
6.9,0.751,35.0,20.0,-29.9772,-177.725,1,1,1
6.9,0.402,25.0,6.43,40.2893,25.3889,0,1,0
6.5,3.121,33.0,10.0,7.2096,-82.3045,1,1,1
6.6,3.34,10.0,106.0,-21.4542,170.355,1,1,0
6.5,0.0,0.0,10.0,49.6388,-127.732,1,1,0
7.5,3.82,16.0,43.37,-6.7547,155.024,1,1,1
6.6,3.803,11.0,29.0,-6.6558,155.087,1,1,1
7.2,2.25,46.0,24.0,17.397,-100.972,1,0,1
6.6,2.666,22.0,10.0,-11.1284,162.052,0,1,1
7.4,2.885,17.0,39.0,-11.4633,162.051,1,1,1
7.6,2.828,13.0,22.56,-11.2701,162.148,1,1,1
6.6,0.761,20.0,135.0,11.642,-85.8779,1,0,0
6.5,3.787,16.0,20.0,-6.7878,154.95,1,1,1
7.1,3.729,21.0,60.53,-6.5858,155.048,1,1,1
7.7,1.029,44.0,22.4,-20.5709,-70.4931,1,1,1
6.5,0.828,82.0,24.07,-20.3113,-70.5756,0,1,1
6.9,0.828,119.0,28.42,-19.8927,-70.9455,0,1,1
8.2,0.609,23.0,25.0,-19.6097,-70.7691,1,1,1
6.7,1.008,44.0,20.0,-19.9807,-70.7022,1,1,1
6.8,0.6568,229.0,16.441,40.8287,-125.134,1,1,1
6.5,1.001,17.0,119.0,27.4312,127.367,1,1,0
6.5,1.635,30.0,14.83,14.6682,-58.9272,1,1,0
6.9,7.496,18.0,10.0,35.9053,82.5864,0,0,0
6.5,0.409,20.0,122.0,-15.0691,167.372,1,1,0
6.5,3.651,22.0,44.26,-32.9076,-177.881,1,1,1
6.5,3.997,14.0,187.0,-13.8633,167.249,1,1,0
6.5,5.194,22.0,371.0,-17.1171,-176.545,0,1,0
7.7,8.05,23.0,10.0,-60.2738,-46.4011,1,1,1
6.9,8.284,17.0,9.97,-60.2627,-47.0621,1,1,1
6.6,0.636,31.0,27.0,-30.2921,-71.5215,1,0,1
7.1,3.968,10.0,35.0,37.1557,144.661,1,1,1
6.6,1.98,44.0,9.45,26.0913,-110.321,1,1,0
6.8,5.79,9.0,35.0,-6.4456,154.931,1,1,1
7.1,3.144,12.0,19.04,9.8796,124.117,1,0,1
6.6,1.984,40.0,40.0,35.5142,23.2523,0,1,1
6.7,2.958,11.0,573.0,53.1995,152.786,0,1,0
6.5,1.709,21.0,41.54,-30.9255,-178.323,1,1,1
6.8,7.359,17.0,12.0,27.1825,65.5052,0,0,0
7.1,4.446,17.0,40.0,-15.8385,-74.5112,1,1,1
7.7,7.241,17.0,15.0,26.951,65.5009,0,0,0
6.5,0.735,24.0,20.0,51.5573,-174.767,1,1,1
6.5,3.276,26.0,402.0,29.9377,138.833,0,1,0
6.5,3.097,11.0,112.0,-7.44,128.221,0,1,0
7.0,0.624,53.0,29.0,51.537,-175.23,0,1,1
6.5,0.0,0.0,8.2,-41.734,174.152,1,0,0
6.7,3.741,22.0,12.0,5.7732,-78.1999,1,1,0
6.5,0.0,20.0,17.0,-41.704,174.337,1,1,0
7.3,0.0,43.0,11.0,-60.857,-25.07,1,1,0
6.6,0.0,14.0,56.0,-6.029,149.706,0,0,1
7.3,0.0,24.0,385.5,-3.917,153.927,1,1,0
6.6,0.0,16.0,10.0,10.701,-42.594,1,1,0
6.5,0.0,27.0,30.0,11.763,-86.926,1,1,0
6.7,0.0,24.0,9.0,-10.004,107.236,0,1,0
6.7,0.0,25.2,624.0,52.235,151.444,1,1,0
8.3,0.0,10.0,598.1,54.892,153.221,1,1,0
7.4,0.0,16.0,173.7,-23.009,-177.232,1,1,0
6.8,0.0,18.0,602.2,18.728,145.288,0,1,0
6.5,0.0,16.6,10.0,-3.898,152.127,1,1,0
6.6,0.0,12.6,14.0,30.308,102.888,0,0,1
7.2,0.0,10.1,110.0,46.221,150.788,1,1,1
6.6,0.0,11.0,13.0,-3.214,142.542,1,1,1
7.7,0.0,26.6,80.0,28.033,61.996,0,0,0
6.6,0.0,11.5,31.0,-6.475,154.607,1,1,1
7.0,0.0,11.4,66.0,-3.517,138.476,1,0,1
6.5,0.0,14.2,28.0,-6.598,148.174,1,1,1
6.5,0.0,20.7,29.0,50.958,157.408,0,1,0
6.9,0.0,20.7,41.0,50.954,157.283,1,1,0
6.6,0.0,15.3,11.0,67.631,142.508,1,0,0
6.6,0.0,16.6,18.0,-10.994,165.741,1,1,1
6.9,0.0,23.7,145.0,1.135,-77.393,1,0,0
7.1,0.0,16.5,21.0,-10.928,166.018,1,1,1
6.8,0.0,17.5,12.0,-10.838,165.969,1,1,1
6.7,0.0,26.5,11.0,-10.997,165.655,1,1,1
7.0,0.0,17.5,8.8,-10.499,165.588,0,1,0
7.1,0.0,18.4,10.0,-11.183,164.882,0,1,0
8.0,0.0,20.9,24.0,-10.799,165.114,1,1,1
6.9,0.0,28.0,107.0,42.77,143.092,0,0,0
6.8,0.0,19.3,45.0,-28.094,-70.653,0,0,1
7.5,0.0,0.0,8.7,55.228,-134.859,0,1,0
6.7,0.0,13.7,200.7,-14.344,167.286,0,1,0
7.1,0.0,8.7,155.0,-6.533,129.825,0,1,1
7.3,0.0,14.8,31.0,37.89,143.949,0,1,1
6.5,0.0,57.3,20.0,14.129,-92.164,0,1,1
6.8,0.0,13.7,13.7,23.005,95.885,0,0,0
7.4,0.0,25.5,24.0,13.988,-91.895,0,1,1
7.8,0.0,42.7,14.0,52.788,-132.101,0,0,1
6.5,0.0,34.4,17.0,10.086,-85.298,0,0,0
6.6,0.0,17.7,13.0,-4.892,134.03,0,1,1
7.3,0.0,15.5,170.0,1.929,-76.362,0,0,0
7.6,0.0,34.3,35.0,10.085,-85.315,0,0,0
7.6,0.0,10.2,28.0,10.811,126.638,0,1,1
7.3,0.0,37.0,28.0,12.139,-88.59,0,1,1
6.6,0.0,14.6,91.1,2.19,126.837,0,1,0
7.7,0.0,13.8,583.2,49.8,145.064,0,1,0
6.5,0.0,11.7,41.0,-4.651,153.173,0,1,0
6.6,0.0,15.7,134.7,-18.685,-174.705,0,1,0
6.7,0.0,15.4,16.0,-1.617,134.276,0,1,0
6.8,0.0,12.6,198.0,-5.462,147.117,0,1,0
6.7,0.0,26.9,29.0,-32.625,-71.365,0,0,1
7.0,0.0,95.9,13.0,28.696,-113.104,0,1,0
6.5,0.0,54.1,20.0,18.229,-102.689,0,0,1
8.2,0.0,14.9,25.1,0.802,92.463,0,1,0
8.6,0.0,16.6,20.0,2.327,93.063,0,1,0
7.1,0.0,15.2,40.7,-35.2,-72.217,0,0,0
6.6,0.0,10.1,118.0,-6.242,145.955,0,0,0
7.4,0.0,37.9,20.0,16.493,-98.231,0,0,0
6.7,0.0,13.4,12.0,51.708,95.991,0,0,0
6.7,0.0,11.1,11.0,9.999,123.206,0,0,0
7.1,0.0,12.0,23.0,-17.827,167.133,0,1,0
7.2,0.0,17.0,19.0,2.433,93.21,0,1,0
6.6,0.0,17.6,15.0,51.842,95.911,0,0,0
7.1,0.0,10.6,135.0,-7.551,146.809,0,0,1
6.5,0.0,38.6,59.0,17.986,-99.789,0,0,0
6.9,0.0,46.5,24.0,-14.438,-75.966,0,0,0
7.1,0.0,19.7,18.0,38.721,43.508,0,0,0
6.5,0.0,12.6,37.0,-6.57,147.881,0,1,1
6.9,0.0,13.0,50.0,27.73,88.155,0,0,1
6.7,0.0,10.9,30.0,40.273,142.779,0,1,0
6.7,0.0,15.3,91.0,2.965,97.893,0,0,0
7.0,0.0,15.3,185.1,-20.671,169.716,0,1,0
7.0,0.0,26.9,147.0,-7.641,-74.525,0,0,0
7.1,0.0,12.3,28.0,-18.311,168.218,0,1,1
6.5,0.0,15.0,35.0,-18.308,168.156,0,1,1
7.2,0.0,18.4,32.0,-18.365,168.143,0,1,1
6.6,0.0,16.6,10.0,-3.518,144.828,0,1,0
7.6,0.0,33.5,17.0,-29.539,-176.34,0,1,1
6.7,0.0,24.9,33.0,39.955,142.205,0,1,0
6.8,0.0,12.5,11.0,-20.244,168.226,0,1,0
6.8,0.0,13.0,79.0,-10.375,161.2,0,1,1
6.6,0.0,10.1,11.0,37.001,140.401,0,0,0
7.1,0.0,17.7,42.0,38.276,141.588,0,0,0
6.6,0.0,37.2,166.2,17.208,-94.338,0,0,0
6.9,0.0,18.2,8.0,20.687,99.822,0,0,0
6.6,0.0,9.5,25.7,39.241,142.463,0,1,0
6.5,0.0,18.7,6.8,36.166,141.562,0,1,1
7.7,0.0,10.8,18.6,38.058,144.59,0,1,0
7.9,0.0,48.4,42.6,36.281,141.111,0,1,0
9.1,0.0,9.5,29.0,38.297,142.373,0,1,0
7.3,0.0,17.4,32.0,38.435,142.842,0,1,0
6.7,0.0,33.9,21.0,-35.38,-72.834,0,1,1
6.9,0.0,34.7,26.0,-36.422,-72.96,0,1,0
7.2,0.0,25.3,68.0,28.777,63.951,0,0,0
7.0,0.0,13.3,9.0,-20.628,168.471,0,1,1
7.2,0.0,30.1,24.0,-38.355,-73.326,0,0,0
7.3,0.0,12.0,16.0,-19.702,167.947,0,1,0
6.7,0.0,24.3,12.0,28.412,59.18,0,0,0
6.6,0.0,18.5,33.0,-6.001,149.977,0,0,1
7.8,0.0,23.0,20.1,-3.487,100.082,0,1,1
6.7,0.0,50.3,13.0,24.696,-109.156,0,1,1
7.0,0.0,15.1,26.0,-4.963,133.76,0,1,0
7.0,0.0,15.8,12.0,-43.522,171.83,0,0,0
7.1,0.0,12.4,206.7,-1.266,-77.306,0,0,0
7.3,0.0,20.2,25.0,-17.541,168.069,0,1,1
7.0,0.0,12.7,44.0,-5.746,150.765,0,0,1
6.5,0.0,11.1,220.0,-5.486,146.822,0,1,1
7.6,0.0,15.1,578.0,6.497,123.48,0,1,1
7.3,0.0,18.2,35.0,-5.931,150.59,0,0,1
6.9,0.0,15.7,28.0,-5.966,150.428,0,0,1
6.6,0.0,52.8,22.0,-38.067,-73.31,0,0,0
6.7,0.0,18.7,35.0,-10.627,161.447,0,1,1
6.6,0.0,25.0,10.5,-2.329,136.484,0,0,0
7.0,0.0,18.1,18.0,-2.174,136.543,0,1,0
7.5,0.0,18.6,35.0,7.881,91.936,0,1,1
7.2,0.0,11.7,31.0,-13.698,166.643,0,1,1
7.2,0.0,20.6,38.0,3.748,96.018,0,1,0
6.9,0.0,14.9,17.0,33.165,96.548,0,0,0
6.9,0.0,12.1,21.0,-10.878,161.116,0,1,1
7.8,0.0,19.2,31.0,2.383,97.048,0,1,0
7.2,0.5137,239.0,9.987,32.2862,-115.295,0,0,0
6.6,0.0,16.7,34.0,13.667,92.831,0,1,0
6.7,0.0,34.7,18.0,-36.217,-73.257,0,1,1
6.5,0.0,27.0,32.0,37.745,141.59,0,1,0
7.0,0.0,17.1,18.0,-34.326,-71.799,0,0,0
6.9,0.0,12.5,11.0,-34.29,-71.891,0,0,0
6.8,0.0,23.2,26.0,-3.762,100.991,0,1,0
6.6,0.0,27.8,18.0,-36.665,-73.374,0,1,1
6.5,0.0,18.7,176.0,-13.571,167.227,0,1,0
7.4,0.0,17.6,35.0,-37.773,-75.048,0,1,0
8.8,0.0,17.8,22.9,-36.122,-72.898,0,1,0
7.0,0.0,15.7,25.0,25.93,128.425,0,1,1
7.0,0.0,22.7,13.0,18.443,-72.571,0,0,1
6.5,0.3225,220.0,28.737,40.652,-124.692,0,1,0
6.8,0.0,15.0,15.4,-9.019,157.551,0,1,1
7.1,0.0,15.0,10.0,-8.783,157.354,0,1,1
6.6,0.0,16.6,10.0,-8.726,157.487,0,0,1
6.5,0.0,17.7,27.0,-19.394,-70.321,0,1,0
7.3,0.0,15.0,595.0,-17.239,178.331,0,1,0
6.6,0.0,20.4,18.0,-8.207,118.631,0,1,1
6.8,0.0,21.4,34.0,29.218,129.782,0,1,0
6.9,0.0,11.0,130.0,-6.133,130.385,0,1,1
6.8,0.0,30.2,35.0,-13.298,165.91,0,1,1
7.4,0.0,20.2,31.1,-13.093,166.497,0,1,1
7.8,0.0,20.3,35.0,-12.517,166.382,0,1,1
7.7,0.0,23.2,45.0,-13.006,166.51,0,1,1
6.6,0.0,30.1,9.0,-2.482,101.524,0,0,0
7.6,0.0,14.0,81.0,-0.72,99.867,0,1,0
8.1,0.0,20.8,18.0,-15.489,-172.095,0,1,1
7.0,0.0,16.3,46.0,-7.782,107.297,0,1,1
6.7,0.0,14.9,20.0,-1.479,99.49,0,1,0
6.6,0.0,14.1,53.0,32.821,140.395,0,1,0
7.5,0.0,18.2,24.0,14.099,92.902,0,1,0
7.1,0.0,14.2,292.0,33.167,137.944,0,1,0
6.9,0.0,35.0,10.0,29.039,-112.903,0,1,0
7.8,0.0,16.8,12.0,-45.762,166.562,0,0,1
6.7,0.0,13.8,64.0,-5.157,153.782,0,1,0
7.3,0.0,27.2,19.0,16.731,-86.217,0,1,1
7.6,0.0,14.0,31.0,-23.043,-174.66,0,1,1
7.2,0.0,18.6,20.0,3.886,126.387,0,1,1
7.4,0.0,21.1,23.0,-0.691,133.305,0,0,1
6.6,0.0,22.6,204.8,36.419,70.743,0,0,0
7.7,0.0,29.8,17.0,-0.414,132.885,0,1,1
7.4,0.0,33.7,30.0,1.271,122.091,0,1,0
6.7,0.0,28.6,24.0,14.423,-92.364,0,1,0
6.7,0.0,22.3,27.4,39.533,73.824,0,0,0
6.8,0.0,22.2,25.0,41.892,143.754,0,1,0
6.6,0.0,14.1,96.0,1.885,127.363,0,1,1
6.9,0.0,14.9,110.0,-13.501,166.967,0,1,0
6.7,0.0,28.0,12.0,30.901,83.52,0,0,0
6.8,0.0,20.2,108.0,39.802,141.464,0,0,0
7.0,0.0,18.2,22.0,37.552,142.214,0,1,0
6.9,0.0,0.0,25.5,37.55,142.714,0,1,1
6.6,0.0,18.4,17.0,11.005,91.824,0,1,1
6.9,0.0,17.1,7.8,39.03,140.881,0,0,0
7.9,0.0,11.3,19.0,31.002,103.322,0,0,1
6.9,0.0,21.1,27.0,36.164,141.526,0,1,0
7.3,0.0,13.4,33.0,-20.071,168.892,0,1,1
7.2,0.0,25.9,10.0,35.49,81.467,0,0,0
6.9,0.0,25.9,24.0,13.351,125.63,0,1,1
6.7,0.0,15.1,25.0,-2.245,99.808,0,1,0
6.6,0.0,17.7,25.0,-2.332,99.891,0,1,0
7.2,0.0,18.4,25.0,-2.486,99.972,0,1,0
6.5,0.0,28.3,22.0,-2.405,99.931,0,1,0
7.4,0.0,16.4,26.0,2.768,95.964,0,0,0
6.5,0.0,30.7,28.0,36.345,21.863,0,1,1
6.9,0.0,30.6,29.0,36.501,21.67,0,1,1
6.5,0.0,27.6,83.0,16.357,-94.304,0,0,0
6.6,0.0,18.8,20.0,-39.011,178.291,0,1,1
6.7,0.0,30.3,45.0,-22.954,-70.182,0,0,1
7.4,0.0,13.4,156.0,14.944,-61.274,0,1,1
6.6,0.0,26.9,16.0,-10.95,162.149,0,1,1
6.5,0.0,27.6,18.0,-8.224,118.467,0,1,1
6.5,0.0,27.5,20.0,-8.292,118.37,0,1,0
6.8,0.0,15.9,53.0,-5.757,147.098,0,1,1
6.8,0.0,27.0,122.9,-2.312,-77.838,0,0,0
6.8,0.0,40.1,26.0,-22.925,-70.237,0,0,1
7.7,0.0,22.4,40.0,-22.247,-69.89,0,0,1
6.8,0.0,23.9,21.0,-3.899,101.02,0,1,0
6.8,0.0,19.0,18.0,-44.796,167.553,0,0,1
6.8,0.0,15.5,40.0,-4.99,153.5,0,1,1
6.7,0.0,26.9,30.0,-1.999,100.141,0,1,0
7.0,0.0,23.1,22.0,-2.13,99.627,0,0,1
6.5,0.0,26.2,28.9,-1.689,99.668,0,1,0
7.9,0.0,29.1,35.0,-2.625,100.841,0,1,0
7.8,0.0,0.0,40.5,-2.52,100.139,0,1,0
8.4,0.0,32.3,34.0,-4.438,101.367,0,1,1
6.8,0.0,17.6,15.0,2.966,-77.963,0,1,0
7.2,0.0,21.3,35.0,-11.61,165.762,0,1,1
6.5,0.0,12.8,15.0,-9.834,159.465,0,1,1
8.0,0.0,25.7,39.0,-13.386,-76.603,0,1,0
7.5,0.0,30.7,280.0,-5.859,107.419,0,1,0
7.2,0.0,20.4,120.0,-15.595,167.68,0,1,1
6.9,0.0,24.1,25.0,2.872,127.464,0,1,0
6.8,0.0,18.2,350.4,36.808,134.85,0,1,0
6.6,0.0,16.7,12.0,37.535,138.446,0,1,0
6.7,0.0,37.7,23.0,13.554,-90.618,0,1,0
6.9,0.0,15.3,10.0,-7.306,155.741,0,1,1
6.6,0.0,16.0,10.0,-7.169,155.777,0,1,1
8.1,0.0,14.7,24.0,-8.466,157.043,0,1,1
6.7,0.0,23.9,8.0,37.336,136.588,0,1,0
7.1,0.0,25.3,34.0,-20.617,169.357,0,1,1
6.7,0.0,40.3,12.0,-1.034,126.976,0,1,1
7.5,0.0,21.6,22.0,1.065,126.282,0,1,0
8.1,0.0,14.0,10.0,46.243,154.524,0,1,0
6.9,0.0,31.6,10.0,21.974,120.493,0,1,0
7.1,0.0,29.1,10.0,21.799,120.547,0,1,0
8.3,0.0,20.9,10.0,46.592,153.266,0,1,1
6.6,0.0,18.6,11.0,-6.482,151.195,0,1,1
6.7,0.0,53.4,23.0,-13.457,-76.677,0,1,0
6.7,0.0,15.6,32.0,-5.881,150.982,0,0,1
6.7,0.0,124.0,38.182,19.877,-155.935,0,1,1
6.9,0.0,20.9,28.0,-16.592,-172.033,0,1,1
6.8,0.0,28.4,38.0,-6.759,155.512,0,0,0
6.5,0.0,47.4,43.0,51.148,157.522,0,1,0
6.8,0.0,26.2,150.0,-15.798,167.789,0,1,1
7.7,0.0,36.8,20.0,-9.284,107.419,0,1,1
6.5,0.0,20.3,34.0,-5.724,151.133,0,0,1
6.6,0.0,28.0,19.0,60.772,165.743,0,0,0
6.8,0.0,16.3,12.0,0.093,97.05,0,1,1
8.0,0.0,20.7,55.0,-20.187,-174.123,0,1,1
8.0,0.0,0.0,60.5,-19.99,-173.907,0,1,1
6.5,0.0,46.3,12.0,-27.211,-71.056,0,1,1
6.7,0.0,25.6,12.0,-27.017,-71.022,0,1,1
6.6,0.0,28.4,11.0,60.491,167.516,0,0,0
7.6,0.0,18.5,22.0,60.949,167.089,0,0,0
6.5,0.0,25.5,14.0,-16.527,176.989,0,1,1
6.7,0.0,21.3,30.1,-3.595,127.214,0,0,1
7.0,0.0,23.2,11.0,-21.324,33.583,0,0,0
6.7,0.0,19.7,66.0,36.311,23.212,0,1,0
6.6,0.0,48.2,14.0,28.164,-112.117,0,1,0
6.5,0.0,20.5,224.6,36.357,71.093,0,0,1
6.8,0.0,20.0,22.0,-6.224,29.83,0,0,0
6.5,0.0,48.8,29.0,38.089,142.122,0,1,0
6.5,0.0,20.7,21.0,2.164,96.786,0,1,0
6.8,0.0,30.1,147.0,-22.361,-67.895,0,0,1
7.6,0.0,21.1,26.0,34.539,73.588,0,0,1
6.6,0.0,17.7,25.0,-5.437,151.84,0,0,1
7.5,0.0,26.2,115.0,-5.678,-76.398,0,0,0
7.6,0.0,20.0,90.0,-4.539,153.474,0,1,1
7.2,0.0,19.6,36.0,38.276,142.039,0,1,0
7.2,0.0,26.4,16.0,7.92,92.19,0,1,0
6.7,0.0,22.3,21.0,1.819,97.082,0,1,0
6.6,0.0,21.1,27.0,11.245,-86.172,0,1,0
7.2,0.0,31.4,16.0,41.292,-125.953,0,1,0
7.8,0.0,16.1,115.6,-19.987,-69.197,0,0,0
6.9,0.0,26.0,30.0,1.989,97.041,0,1,0
6.7,0.0,20.9,34.0,0.587,98.459,0,1,0
6.5,0.0,21.2,30.0,-1.714,99.779,0,1,0
6.7,0.0,21.2,19.0,-1.644,99.607,0,1,0
8.6,0.0,22.1,30.0,2.085,97.108,0,0,0
6.6,0.0,22.9,10.0,33.807,130.131,0,1,0
7.1,0.0,18.1,201.7,-6.527,129.933,0,1,1
6.8,0.0,33.8,36.0,2.908,95.592,0,1,0
6.5,0.0,31.8,10.0,-5.562,122.129,0,1,0
6.5,0.0,47.3,39.7,4.756,126.421,0,1,1
6.7,0.0,30.2,206.3,-14.252,167.259,0,1,0
7.1,0.0,26.4,525.0,5.293,123.337,0,1,0
6.6,0.0,78.5,27.8,34.064,141.491,0,1,1
6.6,0.0,31.9,16.1,8.879,92.375,0,1,0
7.2,0.0,27.9,39.2,6.91,92.958,0,1,1
9.1,0.0,22.0,30.0,3.295,95.982,0,1,0
8.1,0.0,59.3,10.0,-49.312,161.345,0,1,0
6.8,0.0,21.8,10.0,18.958,-81.409,0,1,1
6.8,0.0,23.6,35.0,42.9,145.228,0,1,1
7.0,0.0,23.9,39.0,43.006,145.119,0,1,0
7.1,0.0,28.8,10.0,-3.609,135.404,0,0,0
7.1,0.0,14.7,10.0,-46.676,164.721,0,1,1
7.2,0.0,50.2,15.0,4.695,-77.508,0,1,1
7.5,0.0,33.8,10.0,-8.152,124.868,0,1,1
6.7,0.0,21.5,10.0,-11.128,162.208,0,1,1
6.7,0.0,37.3,10.0,49.277,-128.772,0,1,0
6.6,0.0,37.0,16.0,37.226,138.779,0,0,0
6.7,0.0,24.7,94.0,24.53,122.694,0,1,1
7.0,0.0,32.2,35.0,11.422,-86.665,0,1,0
6.5,0.0,18.3,105.0,13.925,120.534,0,1,0
6.8,0.0,15.7,36.0,-10.951,162.161,0,1,1
6.6,0.0,29.8,10.0,33.205,137.227,0,1,1
7.4,0.0,27.5,10.0,33.184,137.071,0,1,0
7.2,0.0,28.4,14.0,33.07,136.618,0,1,0
6.5,0.0,30.1,5.0,-35.173,-70.525,0,0,1
6.5,0.0,39.0,13.4,-0.443,133.091,0,1,1
6.9,0.0,31.2,188.6,55.682,160.003,0,0,0
6.6,0.0,46.9,21.0,-37.695,-73.406,0,0,0
6.7,0.0,27.6,65.8,-9.362,122.839,0,1,0
6.5,0.0,29.9,228.4,-13.174,167.198,0,1,0
6.6,0.0,18.3,187.1,36.512,71.029,0,0,0
6.7,0.0,33.3,25.7,-3.665,135.339,0,0,0
7.3,0.0,23.0,10.0,-4.003,135.023,0,0,0
7.0,0.0,33.0,16.6,-3.615,135.538,0,0,0
6.7,0.0,42.5,17.4,-3.12,127.4,0,1,1
7.3,0.0,46.6,10.0,-22.015,169.766,0,1,1
6.6,0.0,44.8,10.0,28.995,58.311,0,0,0
6.5,0.0,48.4,33.0,8.416,-82.824,0,0,0
6.5,0.04685,71.0,8.382,35.7005,-121.101,0,0,0
6.8,0.0,27.7,10.0,23.039,121.362,0,1,1
6.6,0.0,25.1,35.0,-5.581,150.88,0,0,0
6.5,0.0,45.9,35.0,12.025,125.416,0,0,1
6.6,0.0,26.2,113.7,-19.262,168.892,0,1,0
7.0,0.0,61.2,10.0,37.812,142.619,0,1,1
6.7,0.0,55.4,32.0,42.648,144.57,0,1,0
6.7,0.0,24.5,10.0,50.211,87.721,0,0,0
6.5,0.0,71.3,25.0,42.45,144.38,0,1,0
7.3,0.0,24.5,16.0,50.038,87.813,0,0,0
7.4,0.0,78.8,33.0,41.774,143.593,0,1,1
8.16,0.0,0.0,27.0,41.815,143.91,0,1,0
6.6,0.0,24.7,10.0,19.917,95.672,0,0,0
7.2,0.0,17.5,28.0,-45.104,167.144,0,0,1
7.6,0.0,25.2,10.0,-60.532,-43.411,0,1,1
6.5,0.0,31.4,33.0,-3.828,152.174,0,1,1
6.8,0.0,39.1,33.0,-30.608,-71.637,0,0,1
6.9,0.0,26.7,174.8,55.492,159.999,0,0,0
6.6,0.0,27.8,33.0,-5.095,152.502,0,1,1
7.0,0.0,30.3,31.0,2.354,128.855,0,1,1
7.0,0.0,19.1,68.0,38.849,141.568,0,0,0
6.8,0.0,19.4,12.0,36.964,3.634,0,1,0
6.5,0.0,28.7,33.0,-8.294,120.743,0,1,1
6.8,0.0,38.4,40.2,-4.694,153.238,0,1,1
7.6,0.0,0.0,24.0,18.77,-104.104,0,1,0
6.5,0.0,0.0,24.0,13.626,-90.774,0,1,0
7.3,0.0,0.0,33.0,-10.491,160.77,0,1,1
6.7,0.0,0.0,71.9,-5.311,153.701,0,1,1
6.7,0.0,0.0,34.0,-4.786,153.275,0,1,1
7.9,0.0,0.0,4.2,63.5141,-147.453,0,0,0
7.4,0.0,0.0,30.0,2.824,96.085,0,1,0
6.6,0.0,0.0,4.2,63.5144,-147.912,0,0,0
6.7,0.0,0.0,10.0,-1.511,133.973,0,0,0
7.6,0.0,0.0,10.0,-1.757,134.297,0,1,0
6.5,0.0,0.0,21.0,13.036,93.068,0,1,0
7.6,0.0,0.0,13.0,-3.302,142.945,0,1,0
6.5,0.0,0.0,30.0,14.101,146.199,0,1,0
6.5,0.0,0.0,10.0,7.929,-82.793,0,1,0
6.5,0.0,0.0,10.0,35.626,49.047,0,0,0
6.6,0.0,0.0,54.0,-30.805,-71.124,0,0,1
6.7,0.0,0.0,33.0,-12.592,166.383,0,1,1
7.1,0.0,0.0,85.7,13.088,144.619,0,1,1
6.7,0.0,0.0,62.0,-27.535,-70.586,0,0,0
6.8,0.0,0.0,24.9,16.985,-100.865,0,1,1
7.1,0.0,0.0,32.8,24.279,122.179,0,1,1
6.5,0.0,0.0,125.1,-21.663,-68.329,0,0,0
7.5,0.0,0.0,31.0,6.033,124.249,0,1,1
7.4,0.0,0.0,225.6,36.502,70.482,0,0,0
6.6,0.0,0.0,39.0,-5.345,151.248,0,0,1
6.5,0.0,0.0,5.0,38.573,31.271,0,0,0
6.7,0.0,0.0,11.0,-3.212,142.427,0,0,1
6.6,0.0,0.0,10.0,-17.664,168.004,0,1,1
7.2,0.0,0.0,21.0,-17.6,167.856,0,1,1
6.8,0.0,0.0,16.0,-9.613,159.53,0,1,1
6.8,0.0,0.0,14.0,23.954,122.734,0,1,1
6.5,0.0,0.0,123.8,39.402,141.089,0,0,0
7.8,0.0,0.0,10.0,35.946,90.541,0,0,0
7.0,0.0,0.0,33.0,-5.912,150.196,0,0,1
7.5,0.0,0.0,33.0,-4.102,123.907,0,1,1
7.0,0.0,0.0,37.0,12.686,144.98,0,1,1
6.5,0.0,0.0,33.0,-0.578,133.13,0,0,1
6.6,0.0,0.0,131.8,58.775,-154.701,0,0,0
6.5,0.0,0.0,10.0,39.059,24.244,0,1,0
7.6,0.0,0.0,33.0,-17.543,-72.077,0,1,0
6.6,0.0,0.0,62.0,-16.086,-73.987,0,1,1
6.7,0.0,0.0,24.0,-17.745,-71.649,0,1,1
8.4,0.0,0.0,33.0,-16.265,-73.641,0,1,1
6.7,0.0,0.0,17.0,-7.41,155.865,0,1,1
6.8,0.0,0.0,50.0,34.083,132.526,0,0,0
6.5,0.0,0.0,33.0,-4.029,128.02,0,1,0
6.8,0.0,31.0,51.798,47.149,-122.727,0,0,0
7.1,0.0,0.0,35.0,1.271,126.249,0,1,0
7.4,0.0,0.0,36.0,-4.68,102.562,0,1,0
6.6,0.0,0.0,10.0,13.671,-88.938,0,0,0
7.7,0.0,0.0,16.0,23.419,70.232,0,0,0
6.9,0.0,0.0,28.0,-4.022,101.776,0,1,0
7.7,0.0,0.0,60.0,13.049,-88.66,0,1,0
6.9,0.0,0.0,36.4,56.7744,-153.281,0,1,0
7.1,0.0,0.0,103.0,-14.928,167.17,0,1,1
6.8,0.0,0.0,33.0,6.631,126.899,0,1,1
7.5,0.0,0.0,33.0,6.898,126.579,0,1,1
