event_id,time_utc,latitude,longitude,magnitude,depth_km,max_amplitude_bhz
11814988,2024-02-29T23:44:41.783000,26.8637,143.8467,4.2,10.0,32622
11811058,2024-02-29T22:18:41.370000,63.4614,-148.6802,3.2,10.1,94594
11811024,2024-02-29T20:43:16.110000,35.371,140.632,5.1,23.083,15
11810921,2024-02-29T16:01:55.231000,36.0453,140.0479,4.5,81.902,70828
11810856,2024-02-29T12:16:07.429000,-9.2616,158.8249,5.0,10.0,2288409
11811830,2024-02-29T11:31:37.350000,-30.3494,-71.5328,4.4,41.668,260598
11813921,2024-02-29T11:21:28.015000,51.5296,-171.9339,3.2,29.373,22466
11810833,2024-02-29T09:35:40.359000,35.2879,140.5377,5.1,25.235,18
11810829,2024-02-29T09:22:19.798000,51.0421,-177.3209,5.0,26.936,1241441
11817499,2024-02-29T08:45:29.787000,51.562,-177.0484,3.5,70.88,96589
11810824,2024-02-29T08:28:30.913000,-22.3019,-68.4961,4.3,130.233,15086
11810814,2024-02-29T07:27:22.092000,35.2702,140.451,4.4,30.922,5817205
11817496,2024-02-29T05:28:33.662000,53.5123,-165.8859,3.2,35.0,5053289
11810801,2024-02-29T05:26:27.466000,23.4973,120.2222,4.4,17.492,3501491
11820027,2024-02-29T04:00:15.924000,-3.3536,145.9897,4.3,10.0,10537
11810775,2024-02-29T03:30:40.555000,35.2728,140.6622,4.3,33.247,27
11810761,2024-02-29T02:21:45.670000,37.888667,-121.630333,3.5,8.17,18974174
11810762,2024-02-29T02:13:09.202000,35.3136,140.5341,4.4,29.002,15
11810722,2024-02-29T01:05:37.808000,8.8143,126.2835,4.8,73.607,132914
11810710,2024-02-29T00:53:44.725000,44.3503,-116.1223,3.0,10.0,12769
11812783,2024-02-28T23:42:49.599000,35.2697,140.4478,4.3,46.224,5817205
11817253,2024-02-28T23:21:15.011000,51.2757,-174.0629,3.0,9.233,23766
11810630,2024-02-28T22:20:36.664000,60.4063,-152.1422,3.0,82.9,35844
11810614,2024-02-28T17:38:23.205000,31.4043,-114.2811,3.7,12.578,10000
11813362,2024-02-28T17:23:13.064000,25.7745,129.4948,4.5,10.0,31887
11810554,2024-02-28T16:18:55.607000,-41.1531,175.2067,4.2,30.316,711038
11810496,2024-02-28T15:50:21.854000,52.0016,179.5832,5.5,119.968,732295
11810490,2024-02-28T13:43:34.279000,41.9814,142.5126,4.8,56.648,597095
11810434,2024-02-28T11:46:04.625000,28.6066,128.6342,4.5,10.0,15497
11810431,2024-02-28T11:22:08.376000,31.74,-104.12,3.1,6.7279,15062
11810417,2024-02-28T09:54:32.089000,60.3941,-152.8155,3.2,125.4,32883
11810410,2024-02-28T09:32:59.210000,19.194,-155.4965,3.6,34.0,57778
11810763,2024-02-28T08:53:54.337000,41.9627,-119.5874,3.0,1.1,3350
11810400,2024-02-28T07:05:13.531000,6.4584,-75.5214,4.7,10.0,927439
11820673,2024-02-28T06:48:47.023000,8.0002,126.9703,4.5,48.651,44109
11810365,2024-02-28T04:46:40.911000,-21.9912,-69.1994,4.6,86.263,7840536
11810338,2024-02-28T02:28:11.737000,1.0956,98.7388,4.7,86.439,6674
11818058,2024-02-28T01:34:31.141000,51.9668,175.6256,3.1,25.8,15144
11810791,2024-02-28T01:17:45.879000,41.129,78.9618,4.3,10.0,237585
11818045,2024-02-28T00:59:06.081000,52.3521,-171.1635,3.2,112.746,31223
11817874,2024-02-27T23:42:36.068000,51.9194,175.5571,3.0,35.0,14979
11810309,2024-02-27T23:29:26.730000,19.3135,-68.7326,3.54,11.0,265084
11810282,2024-02-27T22:41:52.312000,6.3284,-76.7456,4.5,51.878,36397
11810206,2024-02-27T21:27:26.468000,-21.0672,-68.9596,4.2,115.539,7789836
11810140,2024-02-27T18:26:58.124000,41.0075,140.2106,4.2,160.249,22577
11810130,2024-02-27T18:08:31.583000,-24.3709,-67.1576,4.4,156.088,6614
11810056,2024-02-27T17:29:27.830000,61.1346,-150.2437,3.5,61.7,293982
11810027,2024-02-27T16:05:54.478000,-9.5617,148.5204,4.9,10.0,332408
11821397,2024-02-27T16:04:09.371000,-16.7288,128.2312,4.4,11.74,76557
11810000,2024-02-27T14:27:53.287000,-5.1065,152.8141,4.8,41.713,100193
11810086,2024-02-27T14:18:00.729000,41.2549,78.459,4.2,4.237,134211
11810083,2024-02-27T14:10:44.615000,-28.0542,-71.369,4.0,23.244,431547
11809966,2024-02-27T14:01:45.930000,19.1325,-66.944833,3.33,14.35,63963
11809974,2024-02-27T12:54:27.907000,44.3564,-116.1341,3.0,10.0,14969
11809948,2024-02-27T12:43:58.456000,35.2222,140.5907,4.5,35.0,14
11809915,2024-02-27T11:33:58.973000,-17.3262,-69.4727,4.2,166.923,37906
11817141,2024-02-27T11:21:31.928000,50.5137,-174.9397,3.1,10.0,23108
11810414,2024-02-27T11:01:29.265000,53.9204,160.506,4.3,54.695,1008364
11810408,2024-02-27T09:17:04.168000,15.4833,-92.8411,4.0,112.327,20113
11809879,2024-02-27T08:38:50.193000,-23.9438,-66.6481,4.4,208.861,4625
11812821,2024-02-27T08:22:50.939000,8.7383,126.2421,4.6,51.437,29201
11809860,2024-02-27T07:26:36.146000,56.1795,-152.8765,3.4,24.8,25198
11809862,2024-02-27T07:19:50.676000,26.1623,140.657,4.8,409.983,89229
11812818,2024-02-27T06:03:03.231000,-27.6243,-179.2613,4.2,398.743,102850
11809830,2024-02-27T04:43:19.136000,-34.9973,-70.9974,4.4,104.332,7796897
11809835,2024-02-27T04:42:56.240000,18.7838,-65.1765,3.4,22.0,517889
11817118,2024-02-27T04:22:46.017000,52.4188,-168.4671,3.1,22.0,5052665
11817119,2024-02-27T03:23:21.618000,51.3731,178.8918,3.0,41.3,31300
11809767,2024-02-27T00:14:12.956000,32.1737,141.7752,4.7,10.0,46396
11809705,2024-02-26T22:51:27.500000,-19.2378,-67.3986,4.1,227.5,2884210
11809696,2024-02-26T22:48:04.264000,59.3896,-152.6507,3.0,69.3,43053
11809660,2024-02-26T21:40:17.588000,37.8714,141.8418,4.2,45.963,2830
11809605,2024-02-26T21:35:38.435000,12.9067,-87.2746,5.0,184.618,1943588
11809577,2024-02-26T20:10:52.119000,-17.5886,176.3307,4.7,10.0,27651119
11809536,2024-02-26T18:30:18.515000,26.1459,127.6116,4.2,41.476,58177
11814339,2024-02-26T17:55:57.498000,41.1678,78.7406,4.4,8.299,360424
11809498,2024-02-26T17:46:03.063000,41.2263,78.7773,4.4,10.0,571448
11809494,2024-02-26T17:46:02.527000,44.3548,-116.1347,3.03,10.007,10056
11809484,2024-02-26T17:25:43.465000,44.3907,-116.1108,5.54,12.164,430056
11813782,2024-02-26T17:04:47.515000,5.6658,126.8807,4.2,112.36,18417
11812974,2024-02-26T14:20:28.301000,41.2807,78.4912,4.3,9.952,132964
11809564,2024-02-26T13:31:39.080000,31.4155,-114.333833,4.07,5.96,16870
11809392,2024-02-26T12:28:42.870000,41.2247,78.7931,4.3,10.0,955516
11809331,2024-02-26T06:24:12.919000,33.6397,132.4239,4.9,41.8,570964
11809360,2024-02-26T05:55:20.916000,24.9913,122.3743,4.3,10.0,2145921
11809307,2024-02-26T03:57:39.533000,60.2,-153.8606,3.2,205.2,10013
11809315,2024-02-26T03:54:39.070000,18.8998,-67.3603,3.5,93.0,51008
11809300,2024-02-26T03:42:27.510000,19.0918,-67.8406,3.5,23.0,292831
11809280,2024-02-26T02:50:28.752000,-14.7583,168.118,4.6,10.0,299149
11809260,2024-02-26T01:28:52.140000,41.2733,78.4536,4.5,10.0,280575
11809230,2024-02-25T23:55:40.912000,65.161,-148.7743,3.4,17.8,1433049
11812816,2024-02-25T23:44:23.914000,39.8593,141.7166,4.1,68.948,20176
11816522,2024-02-25T18:00:55.631000,51.5293,178.4484,3.3,60.404,30646
11809137,2024-02-25T16:50:20.009000,-22.1972,-68.6058,4.8,110.096,488703
11809123,2024-02-25T15:06:35.010000,18.952333,-67.547167,3.05,21.12,49442
11811945,2024-02-25T14:16:44.147000,11.7479,144.7112,4.4,42.04,458063
11809106,2024-02-25T13:48:32.901000,24.7957,122.0753,4.9,7.575,9965214
11809130,2024-02-25T13:13:28.811000,-21.4564,-70.6538,4.6,24.523,7842353
11812634,2024-02-25T12:56:09.926000,54.7036,-164.5363,3.0,116.325,119170
11809096,2024-02-25T11:52:13.939000,44.1758,-130.4476,3.5,10.0,45517
11809095,2024-02-25T11:46:46.233000,68.1903,-145.7014,3.2,0.5,120416
11812656,2024-02-25T10:21:02.531000,53.413,-167.6735,3.4,97.182,5050136
11809081,2024-02-25T08:33:59.082000,25.7572,129.8453,4.6,10.0,225626
11809070,2024-02-25T07:52:28.791000,31.617,-104.533,3.1,7.9456,11537
11812422,2024-02-25T07:51:09.149000,6.8709,-76.2307,4.5,49.262,39621
11809067,2024-02-25T07:27:03.237000,0.1948,-80.0034,4.6,24.429,1079760
11809066,2024-02-25T07:25:14.132000,31.609,-104.197,3.0,2.511,22344
11809053,2024-02-25T06:27:54.620000,18.740333,-67.3555,3.01,18.95,48785
11809051,2024-02-25T06:19:31.840000,18.9365,-65.8795,3.17,7.39,37590
11809046,2024-02-25T05:45:14.130000,18.780667,-67.3645,3.34,11.03,55750
11809048,2024-02-25T05:17:39.430000,18.9205,-66.502,3.07,38.43,48618
11809041,2024-02-25T04:44:38.544000,-22.8609,-67.0893,4.3,233.33,2582
11809035,2024-02-25T04:20:45.880000,19.1686,-68.9763,3.9,49.0,285885
11809030,2024-02-25T04:15:00.431000,41.2117,78.4315,5.4,10.0,7495835
11811179,2024-02-25T03:22:00.426000,-5.6657,153.4436,4.4,27.797,10336
11809024,2024-02-25T02:54:04.238000,-24.1821,-67.1641,4.5,196.547,11907
11811176,2024-02-25T01:56:29.375000,31.5616,140.453,4.4,10.0,36820
11809001,2024-02-25T00:28:07.720000,27.8704,129.5369,4.3,29.478,16811
11808997,2024-02-25T00:03:34.950000,18.0936,-67.3768,3.46,35.0,728378
11808994,2024-02-24T23:50:10.701000,32.7077,-104.3966,3.5,2.869,6488
11818626,2024-02-24T23:49:53.421000,6.7838,-73.0243,4.4,157.159,14442
11808951,2024-02-24T21:57:41.964000,12.5454,-87.2599,5.3,80.506,8998512
11808949,2024-02-24T21:47:43.243000,-14.947,167.0715,5.0,55.066,1959661
11811808,2024-02-24T21:16:38.125000,27.578,141.8902,4.3,30.882,95058
11808914,2024-02-24T20:26:10.760000,18.8365,-68.0495,3.64,94.0,205356
11808895,2024-02-24T19:04:05.539000,-22.9864,-70.2963,4.5,57.365,104454
11816731,2024-02-24T18:37:52.235000,50.6087,-173.0739,3.8,10.0,25076
11809047,2024-02-24T18:23:45.358000,51.7218,-175.2087,4.0,44.219,302995
11808879,2024-02-24T17:19:59.770000,18.970333,-67.920167,3.31,28.57,105347
11810119,2024-02-24T16:32:07.805000,44.2443,-130.3295,3.6,13.008,42810
11808861,2024-02-24T15:22:37.860000,18.57,-66.748667,3.26,9.66,77944
11808845,2024-02-24T14:37:04.640000,18.793167,-67.375167,3.18,8.76,53097
11811150,2024-02-24T10:19:32.411000,8.3208,126.5814,4.3,83.089,31195
11808761,2024-02-24T09:20:51.400000,18.9216,-67.6366,3.73,41.0,72531
11816338,2024-02-24T08:47:36.220000,54.2137,-162.6052,3.2,35.0,30181
11808732,2024-02-24T07:43:51.025000,25.7483,129.4153,4.8,10.0,305882
11816341,2024-02-24T06:48:03.556000,51.2613,178.1799,3.0,35.0,12678
11808706,2024-02-24T06:27:18.160000,18.996,-67.5941,3.5,57.0,262195
11808687,2024-02-24T04:37:06.647000,23.5824,121.7236,4.9,10.0,1946915
11808686,2024-02-24T03:57:53.487000,38.3723,141.913,4.5,64.304,11825
11808673,2024-02-24T01:10:01.560000,17.4005,-65.3225,3.42,74.37,42795
11811760,2024-02-24T00:37:33.314000,-4.9291,151.9166,4.2,82.491,94735
11808538,2024-02-23T22:58:56.073000,41.0638,78.5847,5.0,10.0,4855622
11811592,2024-02-23T21:29:25.767000,-17.682,178.4018,4.0,505.56,27562860
11808378,2024-02-23T18:43:56.246000,62.8097,-149.4312,4.4,66.3,693134
11808465,2024-02-23T17:13:27.823000,-23.4093,-66.7135,4.3,205.982,5156
11808454,2024-02-23T17:12:00.807000,-23.5246,-66.6833,4.4,206.977,8014
11808355,2024-02-23T16:11:06.510000,18.630833,-67.3185,3.02,15.15,72614
11808346,2024-02-23T15:45:36.312000,52.5398,-175.1325,4.4,150.208,211440
11811594,2024-02-23T15:39:02.699000,-20.5855,-174.0907,4.7,10.0,35747
11809942,2024-02-23T15:20:17.639000,31.0672,-100.7948,3.1,10.73,6082
11808340,2024-02-23T15:19:33.765000,28.972,-98.033,3.2,6.3232,3750
11808349,2024-02-23T15:18:44.871000,27.0525,126.7536,4.3,10.0,25659
11808352,2024-02-23T14:56:48.982000,54.6706,-161.2539,3.5,56.791,33771
11812587,2024-02-23T14:45:22.110000,6.7706,-73.0616,4.5,155.935,6669
11816235,2024-02-23T12:44:16.204000,52.6373,-169.0864,3.2,51.614,5059198
11812615,2024-02-23T12:44:03.033000,12.2569,-73.4105,4.2,10.0,14981
11808312,2024-02-23T12:28:54.278000,-25.6442,-69.4988,4.4,85.212,8150617
11808304,2024-02-23T11:57:59.885000,31.676,-104.429,3.0,6.51,20744
11812628,2024-02-23T11:37:51.394000,51.9224,177.9328,3.2,127.944,5025
11808357,2024-02-23T10:33:06.769000,41.1736,78.543,4.0,10.0,491615
11808291,2024-02-23T09:47:07.805000,32.6309,-104.4155,4.0,4.944,22845
11808293,2024-02-23T09:38:59.191000,-17.4285,-69.5393,4.6,160.133,160555
11808285,2024-02-23T08:01:40.390000,17.9625,-67.248833,3.19,5.95,82369
11808276,2024-02-23T07:32:34.410000,-19.2914,-174.7496,5.3,114.676,48913
11808695,2024-02-23T06:23:25.017000,-24.1267,-67.3005,4.2,217.555,2826
11810787,2024-02-23T04:53:10.927000,-19.892,134.0219,4.4,10.0,134063504
11808254,2024-02-23T04:08:34.398000,41.1658,78.6433,4.4,10.0,1477280
11808236,2024-02-23T03:18:29.260000,18.6415,-66.7075,3.37,78.91,118517
11808251,2024-02-23T03:10:20.422000,53.0507,159.4191,4.2,74.173,3583759
11808225,2024-02-23T02:54:01.853000,64.4774,-146.9263,3.7,11.8,5505065
11810783,2024-02-23T02:46:31.731000,23.9807,122.4981,4.1,34.551,573700
11808235,2024-02-23T02:08:47.360000,18.835,-65.3805,3.45,9.0,105306
11808213,2024-02-23T00:47:47.482000,7.3556,-75.4767,4.5,53.05,41689
11808203,2024-02-23T00:35:31.260000,18.846333,-155.21,3.3,10.78,28094
11815447,2024-02-22T22:56:10.212000,51.6683,-167.5486,3.0,22.3,7264
11808140,2024-02-22T22:48:07.995000,33.6481,136.7858,4.0,379.006,5817205
11808097,2024-02-22T22:19:44.820000,18.840667,-155.201333,3.04,9.71,16141
11808085,2024-02-22T21:51:01.910000,61.718,-151.2573,3.2,68.6,30979
11808061,2024-02-22T20:43:10.927000,18.0597,-100.2392,4.7,64.368,1107948
11808033,2024-02-22T20:11:55.236000,64.1202,-152.6988,3.2,9.3,32324
11812557,2024-02-22T19:36:47.741000,31.4511,131.604,4.1,35.0,7571
11807938,2024-02-22T17:35:11.280000,37.533833,-121.906833,3.16,7.4,18976976
11815441,2024-02-22T15:48:31.607000,54.2222,-159.7845,3.0,35.0,4253
11807917,2024-02-22T15:44:01.660000,18.859667,-155.221833,3.0,10.39,14053
11807877,2024-02-22T13:02:49.580000,47.6745,-121.732167,3.3,18.63,40820
11811837,2024-02-22T11:31:02.490000,32.3391,140.2112,4.5,92.552,63981
11807859,2024-02-22T11:14:30.907000,31.656,-104.311,3.3,7.2791,113807
11819278,2024-02-22T10:22:05.402000,41.2306,142.5566,4.2,47.585,32527
11807810,2024-02-22T07:43:17.957000,-30.1383,-179.3497,4.3,353.856,211890
11807809,2024-02-22T07:35:24.267000,-4.6516,151.8405,4.4,154.905,18193
11807780,2024-02-22T06:15:54.655000,29.001,-97.965,4.0,3.6865,9331
11816675,2024-02-22T05:32:50.369000,53.7081,-175.8666,3.0,9.362,23577
11818606,2024-02-22T04:37:27.757000,14.0089,144.6361,4.2,151.65,1759034
11819161,2024-02-22T04:22:41.702000,25.1371,125.1105,4.7,38.682,72409
11807760,2024-02-22T04:16:20.266000,-4.7435,151.6569,5.2,165.742,211367
11807757,2024-02-22T04:05:32.387000,6.6747,-73.0893,4.6,162.0,70988
11810368,2024-02-22T00:11:27.349000,-1.02,146.2588,4.5,10.0,7603
11807645,2024-02-21T22:20:09.718000,62.0413,-151.4722,3.1,81.7,14374
11807631,2024-02-21T21:44:03.140000,33.1212,137.8965,4.1,322.817,5817205
11814670,2024-02-21T21:00:53.261000,51.7582,-171.4083,3.0,35.0,24287
11814651,2024-02-21T20:53:35.757000,61.3725,-140.0057,3.1,1.2,2716128
11814645,2024-02-21T19:14:29.105000,52.1008,-173.2454,3.4,87.409,40147
11807550,2024-02-21T18:26:44.304000,41.3498,78.7227,4.5,4.88,794351
11807510,2024-02-21T17:36:51.470000,19.174333,-155.485667,3.2,30.26,34894
11807516,2024-02-21T17:23:59.300000,17.923,-66.289167,3.22,11.84,1432268
11814646,2024-02-21T17:13:56.566000,54.6012,-162.3701,3.0,35.0,23130
11817570,2024-02-21T15:22:20.751000,8.5335,126.4698,4.4,63.817,35379
11807448,2024-02-21T14:40:43.981000,65.3975,-148.0453,3.2,10.0,1433991
11807442,2024-02-21T14:07:35.712000,-20.8809,-176.8685,5.4,290.557,281826
11807405,2024-02-21T14:01:32.550000,35.8655,-120.415667,3.48,8.81,18978198
11809961,2024-02-21T13:05:35.953000,26.0826,-110.7461,4.6,10.0,6979
11812159,2024-02-21T12:18:35.732000,-0.938,146.4446,4.4,10.0,7991
11807389,2024-02-21T12:11:31.241000,-0.8926,146.0887,5.5,10.0,28003
11812157,2024-02-21T11:21:13.584000,40.4729,142.1282,4.1,56.894,20432
11807381,2024-02-21T11:01:07.955000,14.5272,-90.2632,4.7,241.887,39198
11807368,2024-02-21T10:47:30.074000,60.3641,-153.0756,4.6,148.4,117610
11807342,2024-02-21T07:03:57.973000,40.441,77.667,4.5,10.0,78489
11815362,2024-02-21T06:07:26.170000,51.923,-171.7493,3.3,10.0,25946
11807296,2024-02-21T04:45:08.591000,61.7342,-149.6052,3.5,14.6,105799
11811200,2024-02-21T03:40:15.949000,9.3413,-70.0616,4.1,10.0,431961
11815351,2024-02-21T02:07:29.493000,52.9713,-169.6554,3.0,154.116,5067506
11811193,2024-02-21T01:37:47.221000,51.3469,176.2562,3.8,24.086,29468
11817524,2024-02-20T23:25:30.908000,-10.1312,160.8786,4.4,36.43,148036
11807176,2024-02-20T23:23:46.503000,6.8279,-72.984,4.5,154.592,32977
11807159,2024-02-20T22:47:54.732000,37.3044,70.0014,4.3,8.934,21071
11807104,2024-02-20T22:27:20.380000,19.234833,-67.082,3.39,12.47,40893
11817301,2024-02-20T22:22:08.695000,16.5461,-94.169,4.2,105.927,3792
11807077,2024-02-20T20:34:50.530000,19.252833,-155.382333,3.0,30.86,42287
11807002,2024-02-20T16:08:36.441000,23.9284,122.4811,4.4,26.696,3643342
11806987,2024-02-20T15:12:29.694000,23.7488,123.2893,4.6,24.87,67612
11806925,2024-02-20T14:57:30.840000,23.7568,123.2788,5.0,21.684,502520
11818432,2024-02-20T14:25:07.440000,-4.8274,151.0696,4.4,270.013,9829
11806926,2024-02-20T14:18:17.392000,23.9921,122.467,4.5,28.793,3120714
11806917,2024-02-20T13:56:27.208000,23.7591,123.2705,4.8,22.708,382656
11814312,2024-02-20T11:44:55.135000,52.7197,-166.8059,3.0,35.0,5069628
11819248,2024-02-20T10:01:16.155000,12.9913,145.1669,4.5,63.839,7099678
11812575,2024-02-20T06:30:05.246000,11.5056,-86.9117,4.4,46.816,256317
11814314,2024-02-20T05:24:07.460000,56.132,-156.672,3.0,43.5,10342
11806853,2024-02-20T05:23:09.140000,18.6156,-63.6768,3.58,30.0,4357
11806849,2024-02-20T03:52:00.616000,-18.8602,-69.3506,4.1,118.432,7775562
11806847,2024-02-20T03:46:53.540000,-3.5089,139.6907,4.4,64.721,14924
11806823,2024-02-20T01:49:20.249000,32.227,-102.014,3.0,7.3975,1359
11806822,2024-02-20T01:38:03.569000,6.6953,-73.0637,4.6,165.776,57223
11810361,2024-02-20T01:02:36.897000,-5.0712,152.87,4.0,35.0,62254
11812825,2024-02-19T23:48:22.604000,24.8275,122.092,4.2,6.342,703039
11814136,2024-02-19T23:47:58.710000,51.5156,-176.1557,3.4,35.0,78597
11806762,2024-02-19T23:26:19.685000,-0.1997,-88.5336,5.0,10.0,27063674
11806752,2024-02-19T22:17:57.710000,19.263667,-68.016,3.42,27.69,237330
11806731,2024-02-19T21:02:33.410000,19.2225,-68.061167,3.0,24.91,224760
11806729,2024-02-19T20:55:01.131000,28.972,-97.984,3.2,1.1475,2437
11814130,2024-02-19T19:45:37.072000,52.0791,-178.7624,3.1,125.806,15647
11806719,2024-02-19T19:35:14.614000,60.7685,-149.8894,3.4,42.5,168424
11809403,2024-02-19T19:10:42.970000,52.342,-171.3432,3.5,10.323,23966
11809124,2024-02-19T17:44:21.360000,-34.889,-72.7276,4.0,18.152,7673182
11806691,2024-02-19T17:07:49.201000,-29.3832,-179.1168,4.7,346.686,456405
11806686,2024-02-19T16:57:26.665000,28.943,-97.967,3.4,6.3232,4890
11811040,2024-02-19T15:14:15.346000,-28.4763,-68.7274,4.1,90.456,312473
11814126,2024-02-19T14:00:08.186000,51.6391,178.9235,3.1,83.662,29264
11814127,2024-02-19T13:44:33.800000,51.2549,-178.3399,3.3,35.0,52877
11806646,2024-02-19T11:28:43.784000,51.6611,-174.7079,4.0,49.809,157471
11814226,2024-02-19T11:28:41.999000,51.5318,-174.6429,4.0,25.1,157471
11806590,2024-02-19T08:47:40.941000,-4.784,153.2469,5.1,59.912,186750
11809423,2024-02-19T08:22:04.202000,43.9816,18.4571,4.3,10.0,47762
11806893,2024-02-19T07:57:28.151000,-28.4772,-72.2928,4.4,10.0,113188
11806573,2024-02-19T07:37:39.866000,31.658,-104.448,3.3,6.0999,45002
11806579,2024-02-19T07:24:07.120000,18.0805,-67.432333,3.32,32.36,234990
11806882,2024-02-19T07:17:56.120000,-17.5342,-70.1281,4.1,133.032,52943
11806568,2024-02-19T07:04:02.673000,52.7828,-166.6836,4.3,20.211,5079248
11806588,2024-02-19T07:00:10.119000,52.7427,-166.7196,3.6,10.0,5079248
11809340,2024-02-19T06:45:35.284000,24.8085,122.5238,4.1,124.826,943250
11806561,2024-02-19T06:23:22.173000,-12.9679,-75.1213,4.9,93.914,709305
11806634,2024-02-19T05:52:09.513000,18.7332,-70.4491,4.2,116.766,442287
11814239,2024-02-19T02:53:18.401000,51.8709,179.2951,3.3,176.345,12081
11809237,2024-02-19T02:35:08.199000,39.2882,141.7061,4.4,62.188,3214
11809232,2024-02-19T02:21:13.831000,38.3236,141.7751,4.6,56.516,3679
11809220,2024-02-19T01:53:50.303000,-14.8258,166.2638,4.1,10.0,19429
11806473,2024-02-18T22:18:32.680000,19.259,-155.112833,3.6,40.1,97565
11806386,2024-02-18T17:50:51.424000,-22.2073,-68.6531,4.4,114.566,137115
11809515,2024-02-18T16:51:08.355000,52.2889,178.192,3.1,91.129,13615
11807045,2024-02-18T14:51:58.363000,29.084,-97.82,3.0,5.835,2819
11806357,2024-02-18T14:50:14.852000,37.0311,-104.9732,3.3,3.767,4674
11812542,2024-02-18T12:25:58.093000,43.2194,145.2779,4.1,104.451,16311
11812552,2024-02-18T11:10:05.686000,7.1704,126.8375,4.4,89.798,50901
11806314,2024-02-18T10:36:05.650000,19.1005,-67.81,3.89,17.0,96786
11812554,2024-02-18T10:35:56.722000,42.4499,142.1851,4.2,117.516,57375
11806307,2024-02-18T08:59:15.316000,41.3983,78.9469,4.4,10.0,432823
11806287,2024-02-18T07:14:42.800000,35.4446,139.9093,4.5,84.19,5817205
11810974,2024-02-18T06:15:27.691000,-15.2911,167.5696,4.0,116.266,174826
11810935,2024-02-18T06:08:38.275000,13.8757,144.8317,4.6,153.744,929006
11806270,2024-02-18T05:39:59.473000,59.5436,-139.0625,3.1,8.3,4569740
11806267,2024-02-18T04:41:13.365000,26.3151,-110.6903,4.6,10.0,17719
11806262,2024-02-18T04:32:22.519000,-20.7662,-173.6078,5.1,10.0,60436
11814390,2024-02-18T03:38:09.837000,52.9396,-170.5256,3.2,88.729,5059832
11806199,2024-02-18T00:01:26.311000,17.2052,-100.0329,4.8,10.0,82261
11814560,2024-02-17T23:14:48.385000,-30.6587,-177.8097,4.6,37.168,201427
11806161,2024-02-17T21:43:42.772000,23.9338,123.6125,4.5,34.766,308530
11806251,2024-02-17T19:24:44.340000,-24.333,-67.0128,4.0,199.891,5038
11806131,2024-02-17T18:48:59.690000,19.188833,-155.505167,3.0,36.3,29635
11816625,2024-02-17T17:01:03.688000,-21.9798,-176.0812,4.5,134.995,28193
11813855,2024-02-17T16:50:33.179000,54.426,-161.4572,3.4,35.0,6666
11806111,2024-02-17T15:31:38.150000,19.081667,-65.431833,3.42,20.74,65609
11806100,2024-02-17T14:48:13.487000,58.0835,-153.749,3.0,67.0,944064
11809501,2024-02-17T13:09:04.844000,52.4885,-172.7079,3.6,158.788,25922
11808843,2024-02-17T11:55:35.608000,51.2201,-174.7709,3.3,10.0,29199
11806077,2024-02-17T11:47:30.170000,40.2279,142.3112,4.6,50.024,94631
11813711,2024-02-17T09:56:54.010000,51.9443,-171.6813,3.2,35.0,25235
11806050,2024-02-17T09:12:04.192000,31.636,-104.015,3.7,6.8561,34731
11806058,2024-02-17T08:56:21.641000,12.3294,-88.6949,4.5,45.026,341255
11811902,2024-02-17T08:52:12.388000,-24.1469,-67.0688,4.2,179.961,2526
11813712,2024-02-17T07:46:47.932000,51.9811,-171.6585,3.6,192.771,23842
11806020,2024-02-17T06:52:16.686000,28.972,-97.965,3.3,8.3252,2399
11806022,2024-02-17T06:34:18.786000,28.963,-97.936,3.9,8.3252,39096
11806018,2024-02-17T06:32:54.205000,28.958,-98.005,4.7,2.1973,80755
11806017,2024-02-17T06:20:21.900000,28.954,-98.005,4.4,8.4473,36422
11813707,2024-02-17T05:52:03.439000,52.5594,-168.7471,3.4,35.0,5062544
11806016,2024-02-17T05:46:41.955000,51.7578,-175.2741,4.2,55.089,306638
11813709,2024-02-17T05:33:43.274000,53.2571,-165.6456,3.0,35.0,5061703
11805986,2024-02-17T03:49:04.973000,28.955,-98.01,3.9,7.9346,18060
11805980,2024-02-17T03:15:20.020000,18.4353,-67.3868,3.65,17.0,576009
11809413,2024-02-17T02:29:26.926000,9.3855,-83.7243,4.2,12.424,453611
11805922,2024-02-17T01:31:58.041000,59.2943,-153.8246,3.7,125.0,26502
11805895,2024-02-17T00:23:29.997000,44.675,10.3817,4.1,31.637,7651
11805901,2024-02-16T23:36:27.620000,18.1513,-66.4003,3.22,8.0,423005
11809733,2024-02-16T22:38:44.125000,13.0521,145.7238,4.6,10.0,1318268
11805560,2024-02-16T16:30:18.830000,47.592833,-123.092,3.3,50.47,21503
11805555,2024-02-16T15:50:57.575000,-32.7419,-70.6275,4.4,88.931,6148334
11805527,2024-02-16T13:47:16.541000,38.6744,73.5447,4.4,95.989,11903
11805491,2024-02-16T11:00:58.056000,31.4556,140.5717,4.8,13.429,54813
11805484,2024-02-16T09:52:13.278000,36.0051,139.7102,4.4,60.439,5817205
11805481,2024-02-16T09:42:34.830000,19.0795,-66.095,3.22,26.66,52813
11805469,2024-02-16T09:23:06.593000,60.2978,-151.3604,3.4,55.1,90094
11805470,2024-02-16T09:07:47.980000,18.169833,-67.216833,3.15,91.32,48920
11805464,2024-02-16T08:41:27.161000,63.0679,-150.9388,3.3,129.2,24061
11811865,2024-02-16T08:22:48.050000,2.1009,97.8425,4.4,57.79,4327
11805411,2024-02-16T07:38:40.520000,34.038667,-117.595,3.63,12.99,1042810
11805405,2024-02-16T06:27:38.814000,-19.6782,-71.0225,4.8,6.452,7871554
11805372,2024-02-16T03:47:10.590000,17.7823,-68.642,3.2,130.0,55131
11805331,2024-02-16T01:50:25.317000,55.6083,-159.0091,3.1,8.7,11571
11805301,2024-02-16T00:07:05.470000,18.906167,-67.384833,3.07,6.41,32013
11805300,2024-02-15T23:59:35.778000,-29.166,-71.8496,5.0,9.519,1421890
11805306,2024-02-15T23:58:08.467000,8.7804,126.399,4.5,59.487,165488
11812905,2024-02-15T23:11:57.618000,51.2049,-178.7307,3.4,30.558,58353
11805264,2024-02-15T23:09:14.100000,18.924333,-67.419,3.21,10.8,40408
11809248,2024-02-15T22:45:22.227000,6.9967,125.7293,4.1,535.905,20566
11809310,2024-02-15T21:33:28.931000,-16.3046,168.1789,4.4,76.137,19402
11805227,2024-02-15T20:53:36.996000,-11.4869,-77.3579,5.2,67.251,6874530
11805194,2024-02-15T18:53:02.261000,8.7862,126.2842,4.6,36.963,119602
11805330,2024-02-15T18:28:55.210000,31.418667,-114.3375,3.68,5.96,69566
11805185,2024-02-15T18:27:12.430000,7.0504,-77.0477,4.7,38.654,22903
11805179,2024-02-15T17:55:13.921000,52.3729,159.5752,4.9,61.574,2065330
11805173,2024-02-15T17:19:00.490000,36.7705,141.1949,4.2,60.516,2874
11807850,2024-02-15T11:00:21.835000,37.5031,137.6569,4.4,11.707,285429
11805081,2024-02-15T10:00:58.785000,51.7135,-172.1727,4.1,51.96,67306
11805038,2024-02-15T06:38:54.113000,26.0658,-110.7677,5.1,10.0,33593
11811854,2024-02-15T06:34:20.115000,-14.8614,167.329,4.3,144.257,232298
11805035,2024-02-15T06:29:42.973000,37.5286,137.6169,5.0,10.0,1030705
11811852,2024-02-15T06:28:54,41.2675,78.7249,4.2,2.293,352202
11811847,2024-02-15T06:27:02.750000,-14.2597,167.0496,4.3,243.145,62018
11805030,2024-02-15T05:25:51.242000,41.5812,142.0388,4.2,63.684,58934
11804990,2024-02-15T04:49:31.676000,31.4534,-114.3407,3.8,10.0,231095
11804986,2024-02-15T04:48:01.140000,19.146,-66.08,3.41,22.13,96038
11804980,2024-02-15T04:00:53.745000,-21.7165,-68.4059,4.4,122.085,8960
11804973,2024-02-15T03:52:40.424000,41.3226,78.789,5.0,10.0,2589146
11804971,2024-02-15T03:48:18.648000,37.8365,137.7212,4.8,10.0,583251
11804968,2024-02-15T03:41:35.662000,41.1494,78.5313,4.5,10.0,333300
11804960,2024-02-15T03:09:34.304000,52.4193,159.5275,4.1,60.345,1032345
11815163,2024-02-15T00:09:37.093000,53.0539,160.4323,4.0,57.509,360521
11815161,2024-02-14T23:32:01.477000,16.0163,-98.6685,4.3,10.0,29822
11813213,2024-02-14T23:20:38.978000,55.2105,-156.0644,3.3,4.2,4822
11804761,2024-02-14T23:04:49.565000,-28.0288,-177.5398,4.9,94.653,2846748
11804731,2024-02-14T21:43:36.838000,63.0083,-150.6163,4.7,115.5,554314
11813177,2024-02-14T21:35:19.573000,-15.8752,167.2907,4.1,24.662,2123132
11804743,2024-02-14T21:27:09.656000,-39.6784,174.4455,4.1,166.853,38872
11804726,2024-02-14T20:45:46.685000,52.2013,159.8183,4.5,43.556,1272851
11810914,2024-02-14T20:34:59.760000,52.3598,159.5246,4.3,50.877,374109
11810908,2024-02-14T19:32:03.021000,-15.1233,-173.0712,4.3,10.0,79659
11810889,2024-02-14T17:39:48.529000,-30.6297,-176.3899,4.3,10.0,67591
11804666,2024-02-14T17:25:48.149000,39.8067,141.1168,4.4,97.06,42505
11804603,2024-02-14T15:07:17.780000,19.13,-65.723,3.34,37.54,50907
11812516,2024-02-14T09:23:30.281000,51.9709,-173.2942,3.3,55.408,32926
11804518,2024-02-14T08:58:43.166000,65.5538,-151.646,3.8,17.4,1437699
11807351,2024-02-14T08:11:21.350000,41.5479,142.0368,4.2,65.33,90869
11816798,2024-02-14T08:11:15.532000,-24.2552,-67.1184,4.3,204.443,6004
11804470,2024-02-14T07:59:36.297000,8.3934,126.5243,4.8,64.396,167980
11804458,2024-02-14T07:53:13.600000,33.127667,-115.623,4.2,9.84,918895
11804437,2024-02-14T07:06:30,39.396,-119.7146,3.0,6.4,4603
11804440,2024-02-14T06:53:58.474000,31.8124,138.0778,5.2,372.322,103535
11807323,2024-02-14T06:29:03.306000,34.997,135.5854,4.4,33.037,505398
11815228,2024-02-14T03:35:14.093000,-30.4918,-179.5086,4.2,10.0,81511
11804355,2024-02-14T01:32:53.160000,37.163,136.9257,4.8,10.0,284585
11804353,2024-02-14T01:31:41.819000,-28.8915,-71.4204,5.8,28.0,33548401
11814066,2024-02-14T00:16:57.843000,-14.7652,168.1228,4.7,10.0,105933
11805971,2024-02-13T21:47:10.001000,43.8952,-128.9934,3.3,10.0,42782
11812241,2024-02-13T21:36:04.445000,51.6263,-175.1691,3.0,35.0,23476
11804188,2024-02-13T20:44:18.017000,31.676,-104.403,3.3,8.2396,63452
11804181,2024-02-13T20:26:20.363000,31.678,-104.41,3.2,5.7717,32571
11804170,2024-02-13T20:08:28.424000,31.68,-104.416,3.9,6.1316,166401
11804159,2024-02-13T20:00:14.743000,31.669,-104.408,3.0,6.6714,10690
11804130,2024-02-13T19:13:14.443000,-4.7817,152.6539,5.1,62.664,292907
11810181,2024-02-13T17:02:34.660000,-27.5247,-71.3415,4.6,14.525,280792
11804008,2024-02-13T14:30:02.721000,-7.2079,-12.5826,5.0,15.935,42521
11803969,2024-02-13T12:15:28.461000,-41.5551,172.1454,4.2,18.274,18153
11803951,2024-02-13T12:08:11.227000,16.7385,-99.6679,4.2,19.632,165020
11803944,2024-02-13T11:33:44.930000,18.1421,-67.7398,3.85,150.0,70265
11803979,2024-02-13T10:16:16.596000,37.4579,69.7867,4.3,10.0,63998
11803939,2024-02-13T09:00:15.054000,8.7365,126.5987,4.7,49.544,164310
11803891,2024-02-13T05:10:42.850000,19.183,-155.510333,3.6,36.77,92253
11811164,2024-02-13T04:32:25.926000,52.6257,-174.2542,4.0,182.977,26517
11803885,2024-02-13T04:19:12.900000,19.2366,-64.6526,3.82,45.0,58613
11815181,2024-02-13T02:54:06.321000,-30.048,-176.7635,4.5,10.0,161407
11804409,2024-02-13T02:39:15.452000,-40.3377,174.8729,4.4,94.258,560934
11803835,2024-02-13T00:34:07.134000,5.0873,125.3865,4.9,10.431,204015
11813121,2024-02-12T23:58:08.827000,23.6757,121.3181,4.4,7.944,1769092
11803785,2024-02-12T23:54:43.500000,37.4075,-118.55,3.5,5.47,470592
11803777,2024-02-12T23:25:58.347000,-18.3843,-71.4353,4.0,25.723,111384
11803729,2024-02-12T22:16:13.758000,66.2813,-151.2589,3.0,11.6,1438400
11813551,2024-02-12T21:31:30.067000,-29.7558,-177.9182,4.9,33.866,5194014
11812861,2024-02-12T21:22:14.395000,16.6902,-99.287,4.3,24.213,73988
11803611,2024-02-12T18:12:26.757000,31.655,-104.398,3.3,6.0999,28011
11810175,2024-02-12T16:34:42.306000,-30.0298,-177.2844,4.4,24.496,62483
11803592,2024-02-12T15:52:52.039000,41.3413,78.7151,4.1,10.0,550320
11803528,2024-02-12T15:05:01.196000,58.1597,-152.5032,3.5,45.4,1566753
11803575,2024-02-12T15:04:45.298000,6.5779,125.9575,4.4,75.426,169629
11803526,2024-02-12T14:52:10.570000,19.220833,-155.3695,3.75,-0.04,303883
11803456,2024-02-12T14:15:21.720000,32.7835,-115.552667,3.48,11.69,1179410
11803444,2024-02-12T14:04:01.040000,32.783,-115.554833,3.3,11.38,1172478
11803542,2024-02-12T13:19:50.682000,-23.8145,-67.9975,4.3,143.718,8083604
11803382,2024-02-12T11:46:14.058000,59.3001,-153.8592,4.0,126.0,101089
11811479,2024-02-12T11:28:55.222000,-8.9393,159.7963,4.6,101.829,94883
11803620,2024-02-12T10:18:44.260000,32.786,-115.534,3.4,15.95,882242
11803333,2024-02-12T10:18:35.990000,32.788667,-115.550167,3.4,15.79,881991
11803586,2024-02-12T09:54:57.087000,51.377,-178.2871,3.6,33.62,206488
11804350,2024-02-12T09:45:22.803000,51.6219,-178.7797,3.2,18.425,147494
11803258,2024-02-12T08:59:51.690000,32.794,-115.561833,4.1,15.71,726653
11803243,2024-02-12T08:43:52.880000,32.784833,-115.5615,3.5,8.82,692077
11803239,2024-02-12T08:42:48.620000,32.799833,-115.5655,4.5,15.76,709361
11803238,2024-02-12T08:40:05.120000,32.791833,-115.5595,3.1,10.79,709361
11803237,2024-02-12T08:39:19.200000,32.7925,-115.559333,3.3,11.09,709361
11803236,2024-02-12T08:38:34.290000,32.816167,-115.586667,4.05,13.64,705762
11803234,2024-02-12T08:38:25.950000,32.809,-115.58,3.56,14.28,698127
11803235,2024-02-12T08:38:13.420000,32.819667,-115.586333,3.8,12.1,688775
11803595,2024-02-12T08:37:47.540000,32.806833,-115.564333,3.9,11.18,688926
11803233,2024-02-12T08:36:25.460000,32.8135,-115.5735,4.81,17.93,1904670
11803232,2024-02-12T08:07:10.075000,28.952,-98.004,3.7,5.355600000000001,10248
11803198,2024-02-12T04:26:07.580000,19.385,-64.9973,3.48,49.0,73214
11803188,2024-02-12T03:57:04.460000,19.641667,-156.243,3.11,46.08,33149
11813935,2024-02-12T03:54:26.031000,-14.2462,167.1428,4.4,173.658,88647
11813193,2024-02-12T03:48:01.175000,30.2914,129.86,4.3,130.445,4605
11803183,2024-02-12T03:10:04.784000,13.9419,-90.4766,4.1,110.961,24691
11813160,2024-02-12T02:55:27.567000,-29.8431,-177.2106,4.4,35.0,244134
11803895,2024-02-12T02:51:37.737000,-29.7666,-177.0758,4.5,10.0,1274116
11803146,2024-02-12T00:40:17.740000,52.3454,-170.8062,4.6,49.857,155326
11803093,2024-02-11T21:14:43.394000,-28.2449,-71.2847,5.4,33.936,27649253
11805600,2024-02-11T18:01:16.654000,-29.0347,-176.5215,4.4,10.0,571540
11803021,2024-02-11T17:14:13.023000,51.5441,-170.2849,4.1,10.0,19307
11811602,2024-02-11T16:29:41.820000,52.1152,-175.647,3.2,222.346,23349
11802982,2024-02-11T14:23:14.490000,19.198,-155.494833,3.0,32.79,28134
11802977,2024-02-11T13:39:06.583000,1.6583,99.5612,4.2,172.256,2670
11802975,2024-02-11T13:16:30.409000,5.719,127.0083,4.6,119.695,50605
11802964,2024-02-11T12:49:12.292000,-29.5967,-177.7005,4.9,56.074,32200345
11802945,2024-02-11T09:57:13.820000,17.4541,-67.936,3.4,46.0,89394
11811715,2024-02-11T08:24:48.741000,12.7431,143.0491,4.3,155.452,278291
11802925,2024-02-11T08:01:24.230000,18.973333,-67.862167,3.43,22.87,55466
11802920,2024-02-11T07:47:03.090000,19.275833,-66.407167,3.22,29.95,59274
11802916,2024-02-11T07:44:29.988000,60.1555,-153.4822,3.0,160.3,6751
11811803,2024-02-11T07:27:47.517000,-14.8289,166.6862,4.6,37.987,292542
11811241,2024-02-11T07:24:23.154000,50.3328,177.125,3.1,10.0,3761
11811806,2024-02-11T07:12:37.053000,-2.456,139.1894,4.3,34.149,1979
11811223,2024-02-11T06:45:41.055000,50.621,-173.2922,3.1,10.0,23606
11802879,2024-02-11T04:57:13.159000,41.3079,78.7072,4.9,10.0,1367551
11802872,2024-02-11T03:35:58.562000,37.4429,137.2743,4.7,10.0,487434
11802882,2024-02-11T03:03:36.845000,41.2608,78.776,4.3,10.0,113354
11805341,2024-02-11T02:25:46.002000,36.1517,139.9724,4.1,80.665,27612
11802810,2024-02-10T23:47:44.348000,31.615,-103.982,3.0,8.1882,5349
11813558,2024-02-10T23:23:52.969000,-30.1884,-178.3528,4.7,10.0,204599
11806007,2024-02-10T20:29:05.243000,53.4942,160.2256,4.1,60.759,454212
11802796,2024-02-10T19:58:43.019000,6.2576,127.0153,4.4,206.51,15400
11802799,2024-02-10T19:51:53.745000,25.7053,-111.1549,4.1,10.0,5499
11813815,2024-02-10T18:09:55.121000,-2.439,140.0919,4.5,27.518,16525
11802754,2024-02-10T17:13:21.594000,11.7795,43.1953,4.3,10.25,2092763
11802744,2024-02-10T17:03:30.752000,5.7765,125.796,4.6,92.374,82535
11802738,2024-02-10T15:34:40.392000,37.5699,137.6234,4.4,10.0,320449
11802721,2024-02-10T15:10:29.017000,40.7467,15.5501,4.1,1.171,18209
11802702,2024-02-10T14:35:21.787000,53.0459,-170.3391,4.3,140.027,54289
11802681,2024-02-10T12:17:50.510000,26.1342,-110.7954,4.3,10.0,5258
11810740,2024-02-10T11:09:39.428000,51.2188,178.7234,3.0,35.0,7616
11802661,2024-02-10T10:06:57.540000,25.8892,-110.9078,4.0,10.0,5279
11802652,2024-02-10T09:49:44.460000,32.1335,-115.180833,3.22,11.05,11657
11802650,2024-02-10T09:46:37.140000,39.393333,-120.155167,3.2,5.73,19485
11802589,2024-02-10T07:47:34.813000,36.3359,140.0263,4.4,89.815,184259
11802570,2024-02-10T06:37:48.450000,19.186667,-155.505,3.2,32.8,18118
11808741,2024-02-10T06:20:05.247000,8.5045,126.4014,4.3,82.863,38687
11802560,2024-02-10T05:21:35.429000,8.6931,125.6903,5.4,50.159,1368716
11802562,2024-02-10T05:18:49.793000,26.2153,-110.7428,4.5,10.0,8509
11802833,2024-02-10T03:36:41.293000,21.924,122.7452,4.3,10.0,26970
11805333,2024-02-10T03:25:45.338000,52.0058,-169.7573,3.6,10.0,23230
11802518,2024-02-10T03:22:06.930000,8.6822,125.568,5.8,32.0,4607525
11802510,2024-02-10T02:50:19.900000,19.241667,-155.372,3.0,-0.5,42622
11805853,2024-02-10T02:23:52.508000,-24.066,-66.9086,4.3,215.146,3019
11802494,2024-02-10T01:28:18.536000,32.141,-101.076,3.1,8.0566,3291
11803042,2024-02-10T01:28:18.478000,32.143,-101.082,3.2,2.8123,3291
11802452,2024-02-09T23:41:49.580000,34.057333,-118.911833,3.07,13.93,433503
11802371,2024-02-09T21:47:27.320000,34.0575,-118.907667,4.7,15.28,1066050
11805398,2024-02-09T21:03:39.336000,12.1168,143.9894,4.3,10.0,313445
11802331,2024-02-09T20:38:22.390000,19.190167,-155.504167,3.4,36.47,77638
11813482,2024-02-09T20:18:52.376000,37.5326,137.4675,4.3,6.705,75060
11802310,2024-02-09T20:14:32.550000,19.175167,-155.498333,3.0,35.18,38209
11802311,2024-02-09T20:12:43.860000,19.169167,-155.491,3.5,34.66,56330
11802309,2024-02-09T20:11:56.020000,19.184167,-155.509,3.05,37.01,60087
11802307,2024-02-09T20:06:31.660000,19.186667,-155.493167,5.68,36.99,10541922
11813425,2024-02-09T19:29:01.378000,-3.8031,153.6808,4.2,384.728,6355
11802402,2024-02-09T18:44:54.684000,60.8321,-138.2152,3.5,4.415,4672079
11813409,2024-02-09T18:20:57.598000,-15.1801,167.4906,4.4,134.179,442659
11802260,2024-02-09T17:34:44.390000,18.853333,-64.446167,3.3,23.28,85076
11813403,2024-02-09T17:22:21.464000,-28.5506,-176.89,4.6,41.588,138051
11802223,2024-02-09T15:17:31.360000,19.147833,-155.349167,3.09,-0.43,60396
11802217,2024-02-09T14:44:54.840000,19.1475,-155.361167,3.1,-0.43,29553
11804712,2024-02-09T14:40:48.908000,35.9324,139.7621,4.4,91.111,5817205
11804708,2024-02-09T14:35:13.407000,-29.783,-176.926,4.3,10.0,440127
11802209,2024-02-09T13:22:53.822000,26.1695,-110.5404,4.5,10.0,20557
11802207,2024-02-09T13:15:57.346000,26.031,-110.9134,4.3,10.0,25855
11802195,2024-02-09T12:06:22.712000,44.6852,10.3074,4.2,24.964,49558
11802188,2024-02-09T10:57:48.482000,-29.9268,-177.2323,6.1,13.0,6111535
11802182,2024-02-09T10:38:19.860000,18.8875,-65.817667,3.24,52.16,98727
11813624,2024-02-09T10:31:27.378000,2.1497,97.6124,4.0,43.304,2274
11802179,2024-02-09T10:02:18.440000,19.309833,-67.222833,3.18,57.85,74848
11803914,2024-02-09T09:06:34.980000,25.9815,-110.8791,4.2,10.0,4361
11807883,2024-02-09T08:54:23.155000,5.8944,123.9888,4.3,530.677,10936
11802160,2024-02-09T08:42:33.870000,34.9465,139.1653,4.5,167.587,5817205
11802154,2024-02-09T07:23:52.243000,59.474,-152.7638,3.4,90.9,37257
11810530,2024-02-09T07:11:06.712000,52.115,175.3455,3.1,35.0,22267
11802211,2024-02-09T06:38:21.297000,52.2285,-170.7094,3.3,53.879,17116
11802094,2024-02-09T04:51:36.141000,28.959,-98.002,3.4,10.5889,5237
11805327,2024-02-09T04:19:38.004000,7.8579,126.7665,4.5,83.392,47195
11802073,2024-02-09T03:02:05.250000,18.838333,-65.213167,3.28,5.2,61333
11802074,2024-02-09T02:37:02.230000,18.899333,-65.2325,3.43,53.95,51728
11802056,2024-02-09T02:12:43.611000,31.579,-104.545,3.2,6.6714,12758
11802023,2024-02-09T00:07:49.330000,18.8745,-65.228,3.37,5.8,54421
11801992,2024-02-08T22:36:00.352000,26.0596,-110.6938,4.7,10.0,18394
11801974,2024-02-08T22:09:25.013000,62.3265,-141.7158,3.5,16.2,1383750
11801964,2024-02-08T21:50:11.713000,62.8489,-150.5208,3.2,93.5,67747
11801956,2024-02-08T21:22:26.533000,-19.7859,-69.1466,4.1,101.813,7913364
11801930,2024-02-08T20:01:44.267000,26.1687,-110.7933,4.7,10.0,17530
11805149,2024-02-08T18:32:18.645000,-16.9882,176.7842,4.3,10.0,27603696
11801850,2024-02-08T17:15:17.080000,19.6673,-66.4756,3.73,57.0,85429
11806412,2024-02-08T16:00:29.479000,-6.0068,151.5221,4.6,10.0,30008
11810087,2024-02-08T14:30:39.323000,53.6686,-166.2036,3.1,35.0,169705
11801796,2024-02-08T13:49:37.939000,-38.4781,145.982,4.3,10.0,663933
11801780,2024-02-08T11:39:03.243000,61.8814,-149.2282,3.3,3.2,68484
11809925,2024-02-08T11:09:25.934000,52.3575,179.1143,3.0,52.433,21807
11802158,2024-02-08T10:07:23.484000,-31.7724,-69.6985,4.1,146.063,231925
11801769,2024-02-08T09:22:05.026000,26.1016,-110.6597,4.8,10.0,20224
11801757,2024-02-08T08:10:12.760000,18.5221,-68.9598,3.81,85.0,278172
11812084,2024-02-08T04:26:32.323000,37.6822,141.8718,4.5,44.39,2576
11809936,2024-02-08T03:22:31.700000,49.7901,-179.754,3.1,15.632,3488
11801712,2024-02-08T02:36:12.771000,1.2167,-78.9339,4.4,77.318,3496113
11801705,2024-02-08T02:03:01.571000,28.979,-98.015,3.1,3.5948,3291
11804966,2024-02-08T00:57:30.138000,26.1681,-110.5883,4.3,10.0,5554
11801689,2024-02-08T00:43:49.796000,25.9267,-110.7908,4.3,10.0,6622
11812768,2024-02-08T00:26:10.784000,26.3949,-110.3607,4.3,10.0,4544
11801661,2024-02-07T22:51:12.490000,55.1253,-157.4418,4.0,7.4,38573
11801655,2024-02-07T22:04:14.404000,-38.1762,-72.4175,3.7,64.099,7451464
11812753,2024-02-07T21:46:39.376000,-13.886,167.1311,4.1,201.245,31331
11801603,2024-02-07T19:49:38.050000,6.5541,125.8869,4.6,76.5,347770
11801570,2024-02-07T19:11:29.110000,46.754667,-121.515667,3.0,4.58,131910
11804037,2024-02-07T18:08:02.859000,33.5208,140.2812,4.0,96.115,83811
11801452,2024-02-07T12:17:23.171000,-20.4357,-68.8712,4.5,120.427,7856322
11806346,2024-02-07T11:59:34.670000,34.0003,135.268,4.1,27.606,236381
11806341,2024-02-07T10:52:51.278000,2.685,99.0684,4.3,173.355,5014
11801423,2024-02-07T08:55:30.447000,41.1682,78.4703,4.2,10.0,380862
11813750,2024-02-07T08:09:38.834000,-30.3297,-177.5909,4.3,10.0,135184
11804459,2024-02-07T08:09:37.958000,35.9428,140.0902,4.4,81.656,43896
11801420,2024-02-07T07:25:12.541000,39.2324,142.454,4.3,48.14,30211
11801370,2024-02-07T04:07:11.309000,58.6992,-153.8726,3.0,78.1,41249
11801326,2024-02-07T02:04:53.392000,13.1537,-89.5875,5.0,65.696,550090
11812366,2024-02-07T01:27:39.583000,-14.125,166.686,4.4,35.0,122027
11801308,2024-02-07T00:09:44.138000,8.0942,127.068,4.5,35.0,83655
11813544,2024-02-06T23:47:09.298000,11.6371,43.3376,4.0,10.0,1862291
11801209,2024-02-06T21:08:13.918000,37.7189,137.545,5.1,10.0,1051387
11801240,2024-02-06T21:00:12.835000,26.0456,-110.599,4.4,10.0,10452
11801180,2024-02-06T18:24:45.956000,11.6183,43.3534,4.4,10.0,1266504
11801381,2024-02-06T16:04:02.215000,44.4441,-114.4983,3.8,13.899,48028
11813323,2024-02-06T15:17:01.751000,-4.762,153.0925,4.3,54.662,18485
11813308,2024-02-06T14:54:07.081000,-3.8344,151.3792,4.6,10.773,37963
11801083,2024-02-06T14:37:56.409000,8.9318,126.2817,5.1,52.252,848819
11813075,2024-02-06T14:10:37.530000,13.0498,-89.7546,4.2,55.022,91592
11801042,2024-02-06T13:53:19.312000,13.1323,-89.5726,5.1,66.235,1424637
11812001,2024-02-06T13:17:25.762000,5.6861,125.7994,4.3,99.036,33675
11801418,2024-02-06T10:35:44.672000,-17.8468,-69.2987,4.3,144.228,1753178
11802060,2024-02-06T03:19:39.177000,-23.0415,-67.7508,4.3,165.064,54153
11809449,2024-02-06T02:39:15.668000,51.8493,178.568,3.1,108.801,10412
11812321,2024-02-06T01:49:29.871000,41.2178,78.5808,4.1,10.0,95340
11800887,2024-02-06T00:36:33.292000,60.6591,-159.0243,3.3,2.3,51342
11800842,2024-02-05T21:50:45.283000,44.5831,26.9975,4.0,10.0,22121
11800873,2024-02-05T21:23:36.008000,44.4327,-114.4741,3.01,10.0,11845
11800826,2024-02-05T21:11:35.712000,44.4506,-114.4831,3.3,10.0,25634
11800849,2024-02-05T21:03:33.932000,43.1235,-126.9155,3.3,10.0,66023
11800752,2024-02-05T17:58:58.968000,32.0322,131.9588,4.3,35.0,5560
11808922,2024-02-05T16:40:07.429000,53.5452,-166.0889,3.3,48.35,162094
11803631,2024-02-05T14:21:24.652000,13.6963,-89.7436,4.2,64.767,74069
11803625,2024-02-05T14:09:27.666000,52.4582,-169.6082,3.3,51.519,33612
11800683,2024-02-05T14:05:23.199000,-4.114,140.1864,4.9,86.573,28592
11800637,2024-02-05T11:35:07.622000,57.4754,-154.0437,3.2,57.3,32587
11812472,2024-02-05T09:24:21.139000,47.7121,-128.8392,3.3,10.0,56507
11800613,2024-02-05T08:56:19.480000,32.38,-115.478833,3.4,11.04,649304
11800611,2024-02-05T08:30:50.445000,30.7768,131.4355,5.0,38.559,72683
11803221,2024-02-05T08:14:53.400000,35.661,16.7179,4.1,10.0,96861
11800695,2024-02-05T08:11:57.564000,11.9509,-89.2279,4.5,10.0,23840
11800688,2024-02-05T07:33:13.168000,47.5374,-129.0198,3.9,10.0,50958
11800579,2024-02-05T04:52:00.574000,59.9665,-153.5902,3.2,157.2,13552
11800527,2024-02-05T01:06:53.130000,35.393667,-118.225667,4.0,7.19,116314
11807311,2024-02-05T00:59:42.647000,23.6466,121.3057,4.3,3.636,736785
11800532,2024-02-05T00:45:37.300000,39.054167,-123.346833,3.15,2.08,28100
11800511,2024-02-04T23:22:41.805000,26.0843,-110.7974,4.5,10.0,9215
11800596,2024-02-04T23:19:50.288000,51.3832,-178.6005,3.9,17.899,290080
11804952,2024-02-04T23:04:37.418000,34.5606,-5.4315,4.2,8.37,88937
11804955,2024-02-04T21:04:04.599000,51.3183,-178.7697,3.7,40.56,93493
11800461,2024-02-04T19:04:07.910000,42.4885,142.62,4.2,111.464,70269
11800414,2024-02-04T16:32:25.831000,1.8745,98.9652,4.7,121.898,30867
11800409,2024-02-04T15:54:58.740000,18.5875,-67.392,3.1,13.24,52609
11805120,2024-02-04T15:47:16.449000,13.9369,144.5732,4.0,180.018,916530
11800391,2024-02-04T15:09:12.314000,60.4303,-151.8207,3.1,69.2,22438
11805125,2024-02-04T14:41:36.989000,26.1081,-110.7369,4.2,10.0,6790
11800399,2024-02-04T13:04:08.095000,6.877,-73.0575,4.1,151.984,17667
11801081,2024-02-04T11:31:51.385000,-30.2428,-177.2846,4.6,13.589,205917
11800385,2024-02-04T10:52:56.073000,41.9778,-119.5983,3.5,0.0,5097
11800307,2024-02-04T09:50:45.461000,12.416,143.5747,5.4,64.209,27168784
11809557,2024-02-04T06:01:04.776000,35.2154,139.8176,4.1,90.741,5817205
11808479,2024-02-04T05:26:48.643000,51.0323,-178.8324,3.3,29.281,190117
11800236,2024-02-04T04:02:45.082000,-19.355,-69.6009,4.8,113.669,8032821
11800228,2024-02-04T03:41:40.710000,-21.5641,-68.417,4.2,150.442,10526
11805313,2024-02-04T01:33:29.926000,6.4897,126.2608,4.4,88.15,115167
11800188,2024-02-04T01:18:58.257000,41.1733,78.7218,4.9,10.0,1330995
11800146,2024-02-03T23:25:42.596000,59.0522,-152.4995,3.0,61.7,15379
11802091,2024-02-03T22:37:44.109000,8.717,126.5011,4.4,70.09,40983
11800134,2024-02-03T21:56:30.595000,58.2765,-136.9372,3.1,11.7,12739
11802088,2024-02-03T21:26:06.228000,11.6411,43.3714,4.4,10.0,3492337
11800098,2024-02-03T19:37:53.900000,18.604,-67.4025,3.09,16.25,62008
11800088,2024-02-03T19:14:30.841000,31.686,-104.41,3.1,5.9516,31879
11802085,2024-02-03T19:05:16.308000,-13.5716,167.1345,4.2,193.456,35195
11800125,2024-02-03T18:43:53.008000,6.6033,126.0614,4.5,71.748,93526
11808961,2024-02-03T18:42:57.523000,53.2348,-165.5938,3.2,35.0,11938
11800104,2024-02-03T18:02:31.100000,41.197,78.6497,4.5,10.0,375185
11810888,2024-02-03T17:45:41.919000,11.5815,43.2833,4.2,10.0,1195625
11810672,2024-02-03T16:53:28.389000,-4.3563,151.5621,4.5,253.297,4148
11800068,2024-02-03T16:42:00.333000,52.2444,160.1306,4.5,26.919,635296
11800031,2024-02-03T16:34:46.983000,41.1801,78.6697,4.6,10.0,819853
11805115,2024-02-03T14:48:20.026000,52.1862,-172.6328,3.5,10.0,64338
11799978,2024-02-03T14:32:28.939000,64.4975,-146.8844,3.0,11.0,7084659
11799969,2024-02-03T13:44:38.444000,41.1772,78.6226,4.8,10.0,1165271
11799977,2024-02-03T13:26:27.753000,41.223,78.6354,4.5,10.0,304111
11799957,2024-02-03T12:51:31.792000,19.2348,-155.3637,3.0,11.892,45964
11799919,2024-02-03T09:16:42.130000,35.555167,-96.746833,3.2,4.63,3889
11799913,2024-02-03T08:36:29.913000,41.2418,78.5936,4.9,10.0,823151
11799907,2024-02-03T08:19:34.219000,35.539667,-96.754667,3.0,6.33,2869
11799905,2024-02-03T08:18:54.620000,62.5386,-149.2455,3.4,59.8,7086815
11799906,2024-02-03T07:52:28.040000,19.4205,-66.2065,3.55,39.0,52129
11799891,2024-02-03T07:24:43.516000,12.9833,-89.7345,4.5,35.0,206321
11799860,2024-02-03T06:33:29.820000,19.209,-155.372667,3.56,1.8,230690
11799862,2024-02-03T06:33:25.460000,19.203833,-155.375167,3.14,0.5,230690
11799856,2024-02-03T06:32:59.710000,35.5235,-96.771167,3.48,5.82,7515
11806089,2024-02-03T06:09:04.775000,35.5119,139.0722,4.2,24.057,5817205
11806043,2024-02-03T06:01:51.904000,8.8808,126.2261,4.3,83.194,22572
11799851,2024-02-03T05:55:39.140000,18.796667,-67.264833,3.11,15.07,52150
11799828,2024-02-03T05:24:28.269000,35.534333,-96.763833,5.06,3.0,249413
11806042,2024-02-03T05:06:01.971000,8.7713,126.1891,4.4,84.87,50173
11801987,2024-02-03T04:57:02.153000,-2.864,141.3256,4.6,30.361,12761
11799836,2024-02-03T04:41:57.580000,52.2721,-170.5974,4.4,45.78,73892
11799808,2024-02-03T04:07:14.960000,17.921333,-66.280333,3.07,7.81,1568838
11801983,2024-02-03T03:51:47.534000,7.6103,126.4584,4.3,101.464,67572
11799780,2024-02-03T02:28:43.970000,37.1645,-112.990667,3.9,14.02,58787
11799746,2024-02-03T01:53:54.330000,19.4733,-66.0705,3.68,77.0,248998
11802082,2024-02-03T00:59:12.748000,8.0581,126.4746,4.4,87.19,33448
11799718,2024-02-03T00:48:55.352000,-32.751,-70.6263,4.8,90.268,5616047
11802079,2024-02-02T23:21:45.828000,-28.7558,-177.0181,4.6,42.592,373180
11799668,2024-02-02T23:14:00.020000,19.1745,-155.368164,3.0,8.38,35761
11799665,2024-02-02T23:00:25.110000,19.193167,-155.3715,3.2,-0.28,75138
11808023,2024-02-02T21:37:23.230000,52.4203,-175.774,3.0,247.3,26352
11799623,2024-02-02T21:32:36.420000,37.713167,-122.552167,3.0,9.44,18988294
11810584,2024-02-02T20:49:21.225000,7.9432,126.8955,4.4,67.471,18791
11810577,2024-02-02T20:19:41.913000,8.014,126.9641,4.5,60.425,31957
11799458,2024-02-02T16:38:47.151000,8.8994,126.3266,4.8,81.554,97811
11799434,2024-02-02T16:03:51.936000,57.9971,-137.5975,3.0,9.2,11290
11803097,2024-02-02T15:33:17.795000,-28.5301,-177.5872,4.4,10.0,699994
11799387,2024-02-02T14:13:58.354000,-30.3425,-176.4942,4.8,10.0,953650
11801488,2024-02-02T11:44:01.341000,38.9175,142.2533,4.5,53.005,3525
11799312,2024-02-02T10:10:26.096000,23.48,120.1986,4.4,10.0,1072322
11799306,2024-02-02T10:06:56.816000,-9.7745,106.3453,4.5,10.0,55899
11799243,2024-02-02T08:25:47.961000,62.0008,-147.1462,3.5,39.5,7087129
11806039,2024-02-02T07:51:41.831000,52.6581,172.9019,3.6,35.0,29238
11806037,2024-02-02T07:31:44.429000,52.2531,173.1141,3.7,29.148,27206
11806036,2024-02-02T07:12:18.846000,8.1265,126.576,4.1,81.854,31819
11799192,2024-02-02T06:19:48.800000,19.3355,-155.327333,3.18,2.66,100750
11799958,2024-02-02T05:31:11.165000,-18.2566,-69.7215,4.6,122.868,1777230
11799547,2024-02-02T02:36:27.460000,19.6873,-68.865,4.01,73.0,289531
11799092,2024-02-02T01:57:00.284000,19.207,-68.734,3.6,10.0,285429
11799073,2024-02-02T01:03:21.813000,23.7361,123.3478,4.3,30.004,44749
11798975,2024-02-02T00:05:50.480000,17.9375,-66.910333,3.02,9.42,106876
11798909,2024-02-01T22:26:19.243000,23.7761,123.3241,4.7,19.815,183922
11798899,2024-02-01T22:20:40.109000,19.3022,-155.3871,3.0,11.86,38703
11798885,2024-02-01T21:35:38.870000,8.1822,126.9285,5.1,59.363,567821
11798825,2024-02-01T19:48:49.450000,19.326,-155.322,3.1,2.95,81664
11798826,2024-02-01T19:28:04,36.688167,-121.324,3.28,5.31,18990672
11798853,2024-02-01T19:27:59.670000,36.686,-121.321,3.1,5.08,18990672
11799317,2024-02-01T19:16:35.960000,36.686333,-121.331167,3.33,4.9,18990694
11799231,2024-02-01T19:16:30.430000,36.683,-121.331833,3.2,4.43,18990694
11799191,2024-02-01T19:16:23.990000,36.684833,-121.329833,3.2,4.87,18990694
11798836,2024-02-01T19:16:09.770000,36.687167,-121.326333,3.1,4.97,18990694
11803026,2024-02-01T18:14:40.757000,-15.1654,-173.0787,5.0,10.0,244313
11798802,2024-02-01T17:32:54.300000,36.686167,-121.325167,3.1,5.44,18990848
11807413,2024-02-01T16:47:15.814000,53.4559,-163.3716,3.4,35.0,9618
11808917,2024-02-01T13:59:40.021000,-16.8337,-71.2098,4.5,144.084,57385
11798686,2024-02-01T13:43:46.050000,19.362833,-155.2825,3.11,0.61,25675
11798646,2024-02-01T12:37:19.661000,45.1023,-74.2499,3.2,8.143,28116
11798628,2024-02-01T11:55:09.112000,60.8756,-138.2038,3.0,10.0,2075991
11810849,2024-02-01T09:25:37.608000,13.8234,144.8748,4.3,160.399,1477717
11809099,2024-02-01T05:55:51.743000,41.0367,142.3244,4.2,65.904,33837
11808299,2024-02-01T05:10:23.835000,37.8304,137.6686,4.2,7.729,49483
11798441,2024-02-01T04:24:31.220000,19.352167,-155.313828,3.1,1.26,53851
11799162,2024-02-01T04:02:41.182000,19.3559,-155.3051,3.0,3.577,29046
11798478,2024-02-01T02:34:41.550000,19.383833,-155.266495,3.01,0.79,34200
11798372,2024-02-01T02:15:49.140000,19.355667,-155.293335,3.2,2.05,60272
11798381,2024-02-01T02:01:53.222000,19.3916,-155.2908,3.0,2.621,39137
11798368,2024-02-01T01:59:20.118000,47.6447,15.8389,4.0,5.0,112980
11798354,2024-02-01T01:43:36.100000,19.378833,-155.241167,3.2,1.23,56647
