magnitude,depth,is_ocean,is_steep_slope,horizontal_count_1y_full,vertical_count_1y_full,tsunami
0.027545191440173023,-0.44720375801377765,0.6457252749753949,1.1108480035126669,0.1127235463906363,-0.45250453707961086,1
-0.1638867282740314,-0.36613568267972496,0.6457252749753949,1.1108480035126669,-0.6163432617165435,-0.45250453707961086,0
0.027545191440173023,3.716747384144385,0.6457252749753949,1.1108480035126669,0.1127235463906363,-0.45250453707961086,1
0.601840950582788,-0.2776977823153038,0.6457252749753949,1.1108480035126669,-0.6163432617165435,-0.45250453707961086,1
-0.738182487416648,4.051809109325056,0.6457252749753949,-0.9002131676321613,1.5708571626049959,-0.14072735603334977,1
0.027545191440173023,4.313703211604228,0.6457252749753949,-0.9002131676321613,1.5708571626049959,-0.14072735603334977,1
-0.3553186479882375,4.095401624379685,0.6457252749753949,-0.9002131676321613,1.5708571626049959,-0.14072735603334977,1
-0.5467505677024419,-0.4029848078315671,0.6457252749753949,1.1108480035126669,-0.6163432617165435,-0.45250453707961086,1
-0.3553186479882375,-0.4029848078315671,-1.5486462103223455,1.1108480035126669,-0.6163432617165435,-0.14072735603334977,1
1.176136709725403,-0.3518161126457191,-1.5486462103223455,1.1108480035126669,-0.6163432617165435,-0.14072735603334977,1
-0.1638867282740314,-0.47668305813525136,-1.5486462103223455,1.1108480035126669,3.0289907788193555,-0.45250453707961086,1
-0.9296144071308524,-0.47668305813525136,0.6457252749753949,1.1108480035126669,3.0289907788193555,-0.45250453707961086,1
0.027545191440173023,0.45928472072153914,0.6457252749753949,-0.9002131676321613,0.841790354497816,0.17104982501291133,1
1.176136709725403,0.30451839508380213,-1.5486462103223455,1.1108480035126669,0.1127235463906363,-0.7642817181258719,1
-0.738182487416648,-0.4619434080745145,-1.5486462103223455,1.1108480035126669,0.1127235463906363,-0.7642817181258719,0
-0.738182487416648,-0.3292865575278828,0.6457252749753949,1.1108480035126669,0.1127235463906363,-0.45250453707961086,1
0.027545191440173023,-0.30180447998963894,-1.5486462103223455,-0.9002131676321613,0.1127235463906363,-0.45250453707961086,1
-0.9296144071308524,4.039029832722396,-1.5486462103223455,-0.9002131676321613,-0.6163432617165435,-0.45250453707961086,0
0.41040903086858355,1.1888973987280136,-1.5486462103223455,-0.9002131676321613,0.1127235463906363,-0.7642817181258719,1
-0.1638867282740314,-0.47668305813525136,0.6457252749753949,1.1108480035126669,0.1127235463906363,-0.7642817181258719,1
-0.3553186479882375,1.0709801982421188,-1.5486462103223455,-0.9002131676321613,0.841790354497816,-0.45250453707961086,1
-0.738182487416648,-0.35139603261898805,0.6457252749753949,-0.9002131676321613,-0.6163432617165435,0.4828270060591724,1
0.027545191440173023,-0.47668305813525136,0.6457252749753949,-0.9002131676321613,-0.6163432617165435,-0.45250453707961086,1
-0.1638867282740314,-0.47668305813525136,0.6457252749753949,1.1108480035126669,-0.6163432617165435,-0.45250453707961086,1
-0.5467505677024419,-0.3735055077100934,0.6457252749753949,1.1108480035126669,0.841790354497816,-0.45250453707961086,1
0.601840950582788,-0.24821848219383005,0.6457252749753949,-0.9002131676321613,-0.6163432617165435,0.7946041871054335,1
-0.5467505677024419,-0.3440262075886196,0.6457252749753949,-0.9002131676321613,0.1127235463906363,-0.45250453707961086,0
-0.738182487416648,-0.3735055077100934,0.6457252749753949,1.1108480035126669,-0.6163432617165435,5.159484721753089,1
-0.3553186479882375,3.3924750828081742,0.6457252749753949,-0.9002131676321613,0.841790354497816,-0.7642817181258719,1
-0.9296144071308524,0.26029944490159157,-1.5486462103223455,-0.9002131676321613,-0.6163432617165435,-0.14072735603334977,0
-0.9296144071308524,-0.4914227081959882,0.6457252749753949,1.1108480035126669,-0.6163432617165435,5.159484721753089,1
-0.738182487416648,-0.3071770824367775,0.6457252749753949,-0.9002131676321613,-0.6163432617165435,-0.45250453707961086,0
-0.9296144071308524,-0.2776977823153038,0.6457252749753949,1.1108480035126669,-0.6163432617165435,0.17104982501291133,1
-0.9296144071308524,-0.2776977823153038,0.6457252749753949,1.1108480035126669,-0.6163432617165435,0.17104982501291133,1
-0.738182487416648,-0.4103546328619355,0.6457252749753949,1.1108480035126669,-0.6163432617165435,0.17104982501291133,1
-0.5467505677024419,-0.3071770824367775,0.6457252749753949,1.1108480035126669,-0.6163432617165435,0.17104982501291133,1
-0.5467505677024419,-0.3071770824367775,0.6457252749753949,1.1108480035126669,-0.6163432617165435,0.17104982501291133,1
-0.3553186479882375,-0.4029848078315671,0.6457252749753949,1.1108480035126669,-0.6163432617165435,0.17104982501291133,1
-0.738182487416648,-0.39561498280119867,0.6457252749753949,1.1108480035126669,-0.6163432617165435,-0.45250453707961086,0
-0.738182487416648,-0.4545735830441461,-1.5486462103223455,-0.9002131676321613,0.1127235463906363,-0.7642817181258719,0
0.601840950582788,0.6692510358367358,0.6457252749753949,1.1108480035126669,-0.6163432617165435,-0.45250453707961086,0
0.601840950582788,-0.4452139052555782,0.6457252749753949,-0.9002131676321613,0.1127235463906363,-0.7642817181258719,1
0.9847047900111985,0.37821664538748645,-1.5486462103223455,-0.9002131676321613,-0.6163432617165435,-0.45250453707961086,1
-0.738182487416648,-0.4619434080745145,0.6457252749753949,1.1108480035126669,-0.6163432617165435,-0.45250453707961086,1
-0.1638867282740314,-0.1700983368719247,0.6457252749753949,-0.9002131676321613,0.1127235463906363,-0.14072735603334977,1
-0.1638867282740314,3.3924750828081742,0.6457252749753949,-0.9002131676321613,0.841790354497816,-0.7642817181258719,1
0.601840950582788,3.333516482565227,0.6457252749753949,-0.9002131676321613,0.841790354497816,-0.7642817181258719,1
-0.9296144071308524,-0.39561498280119867,0.6457252749753949,1.1108480035126669,-0.6163432617165435,-0.45250453707961086,1
0.027545191440173023,-0.4029848078315671,-1.5486462103223455,1.1108480035126669,-0.6163432617165435,-0.45250453707961086,1
0.21897711115437743,-0.5061623582567251,0.6457252749753949,-0.9002131676321613,0.1127235463906363,0.17104982501291133,1
-0.738182487416648,-0.49879253322635664,0.6457252749753949,1.1108480035126669,0.1127235463906363,0.4828270060591724,1
-0.1638867282740314,0.13501241938532826,0.6457252749753949,1.1108480035126669,0.841790354497816,-0.14072735603334977,1
-0.1638867282740314,-0.42730523043178287,0.6457252749753949,-0.9002131676321613,-0.6163432617165435,0.4828270060591724,1
0.41040903086858355,-0.47668305813525136,-1.5486462103223455,1.1108480035126669,0.1127235463906363,-0.7642817181258719,1
-0.1638867282740314,-0.304966134927667,0.6457252749753949,-0.9002131676321613,0.1127235463906363,-0.14072735603334977,1
-0.1638867282740314,-0.3975311373090945,0.6457252749753949,-0.9002131676321613,0.1127235463906363,-0.14072735603334977,1
2.1332963082964285,-0.38242299599683915,0.6457252749753949,1.1108480035126669,-0.6163432617165435,0.7946041871054335,0
0.9847047900111985,-0.20230447225463477,0.6457252749753949,1.1108480035126669,-0.6163432617165435,0.4828270060591724,1
0.21897711115437743,-0.14400915626442046,0.6457252749753949,1.1108480035126669,0.1127235463906363,0.17104982501291133,1
2.3247282280106325,-0.20650527252194478,0.6457252749753949,-0.9002131676321613,0.1127235463906363,-0.14072735603334977,1
2.3247282280106325,-0.29243743237604064,0.6457252749753949,-0.9002131676321613,0.1127235463906363,-0.14072735603334977,1
-0.5467505677024419,0.26029944490159157,0.6457252749753949,-0.9002131676321613,-0.6163432617165435,-0.14072735603334977,1
-0.5467505677024419,-0.47668305813525136,0.6457252749753949,1.1108480035126669,1.5708571626049959,-0.7642817181258719,1
-0.9296144071308524,-0.36613568267972496,0.6457252749753949,1.1108480035126669,-0.6163432617165435,2.977044454429261,1
-0.9296144071308524,-0.47668305813525136,0.6457252749753949,-0.9002131676321613,0.841790354497816,-0.7642817181258719,1
0.601840950582788,-0.47668305813525136,-1.5486462103223455,-0.9002131676321613,0.1127235463906363,-0.7642817181258719,0
-0.5467505677024419,-0.46931323310488293,0.6457252749753949,-0.9002131676321613,-0.6163432617165435,-0.14072735603334977,0
-0.5467505677024419,-0.47668305813525136,0.6457252749753949,-0.9002131676321613,0.1127235463906363,-0.7642817181258719,0
-0.1638867282740314,-0.2334788321330932,0.6457252749753949,-0.9002131676321613,0.1127235463906363,0.4828270060591724,1
-0.9296144071308524,1.262595649031698,0.6457252749753949,-0.9002131676321613,0.841790354497816,-0.7642817181258719,0
-0.9296144071308524,1.6679360257019615,0.6457252749753949,-0.9002131676321613,0.841790354497816,-0.7642817181258719,0
0.027545191440173023,-0.2334788321330932,0.6457252749753949,-0.9002131676321613,0.1127235463906363,0.17104982501291133,1
-0.738182487416648,-0.4528785232871613,0.6457252749753949,1.1108480035126669,0.1127235463906363,-0.7642817181258719,1
-0.9296144071308524,-0.3735055077100934,0.6457252749753949,1.1108480035126669,-0.6163432617165435,2.977044454429261,0
2.1332963082964285,-0.337172270310377,0.6457252749753949,1.1108480035126669,0.1127235463906363,2.977044454429261,1
0.793272870296994,-0.2334788321330932,0.6457252749753949,-0.9002131676321613,0.1127235463906363,2.977044454429261,1
0.601840950582788,-0.47668305813525136,0.6457252749753949,1.1108480035126669,0.1127235463906363,-0.45250453707961086,1
0.21897711115437743,-0.22625640360333216,0.6457252749753949,-0.9002131676321613,0.1127235463906363,-0.14072735603334977,1
1.367568629439609,-0.47668305813525136,0.6457252749753949,-0.9002131676321613,0.1127235463906363,1.4181585491979556,1
-0.1638867282740314,-0.4398339329834092,0.6457252749753949,-0.9002131676321613,-0.6163432617165435,-0.45250453707961086,1
0.027545191440173023,0.039204693990538685,0.6457252749753949,1.1108480035126669,-0.6163432617165435,-0.14072735603334977,1
-0.5467505677024419,-0.47668305813525136,-1.5486462103223455,-0.9002131676321613,-0.6163432617165435,-0.45250453707961086,0
-0.5467505677024419,-0.47668305813525136,0.6457252749753949,1.1108480035126669,-0.6163432617165435,-0.45250453707961086,1
0.027545191440173023,-0.39561498280119867,0.6457252749753949,-0.9002131676321613,-0.6163432617165435,-0.45250453707961086,0
1.176136709725403,-0.3412993723273833,0.6457252749753949,1.1108480035126669,0.1127235463906363,-0.14072735603334977,1
-0.1638867282740314,-0.47668305813525136,0.6457252749753949,-0.9002131676321613,0.1127235463906363,-0.7642817181258719,1
-0.9296144071308524,-0.4324641079530408,0.6457252749753949,1.1108480035126669,-0.6163432617165435,0.17104982501291133,0
-0.3553186479882375,-0.39561498280119867,0.6457252749753949,1.1108480035126669,-0.6163432617165435,0.17104982501291133,1
-0.9296144071308524,-0.47668305813525136,0.6457252749753949,-0.9002131676321613,0.1127235463906363,-0.7642817181258719,0
-0.1638867282740314,4.048389510510964,0.6457252749753949,-0.9002131676321613,-0.6163432617165435,-0.45250453707961086,0
-0.1638867282740314,-0.3587658576493565,0.6457252749753949,1.1108480035126669,-0.6163432617165435,-0.14072735603334977,0
-0.3553186479882375,-0.38824515777083024,0.6457252749753949,1.1108480035126669,-0.6163432617165435,-0.14072735603334977,0
-0.738182487416648,-0.47668305813525136,0.6457252749753949,-0.9002131676321613,0.1127235463906363,-0.7642817181258719,1
1.5590005491538135,-0.3440262075886196,0.6457252749753949,-0.9002131676321613,-0.6163432617165435,-0.14072735603334977,1
0.027545191440173023,-0.01238408122204032,0.6457252749753949,1.1108480035126669,0.1127235463906363,-0.7642817181258719,1
-0.738182487416648,3.3833364997705173,0.6457252749753949,-0.9002131676321613,-0.6163432617165435,-0.14072735603334977,0
0.793272870296994,-0.4029848078315671,-1.5486462103223455,1.1108480035126669,-0.6163432617165435,-0.45250453707961086,1
0.793272870296994,-0.47668305813525136,0.6457252749753949,1.1108480035126669,0.1127235463906363,-0.7642817181258719,1
-0.738182487416648,0.6656398215718552,0.6457252749753949,-0.9002131676321613,0.1127235463906363,-0.45250453707961086,1
-0.3553186479882375,0.2750390949623284,-1.5486462103223455,-0.9002131676321613,-0.6163432617165435,-0.45250453707961086,1
-0.9296144071308524,-0.5304827808569409,-1.5486462103223455,-0.9002131676321613,0.1127235463906363,-0.7642817181258719,0
-0.738182487416648,0.2381899698104863,0.6457252749753949,1.1108480035126669,-0.6163432617165435,0.17104982501291133,1
-0.3553186479882375,0.15712189447643357,0.6457252749753949,-0.9002131676321613,0.841790354497816,-0.45250453707961086,0
-0.9296144071308524,-0.47668305813525136,0.6457252749753949,1.1108480035126669,-0.6163432617165435,-0.45250453707961086,0
-0.9296144071308524,-0.4615012185726924,-1.5486462103223455,-0.9002131676321613,-0.6163432617165435,-0.7642817181258719,0
0.9847047900111985,-0.12440542168364047,0.6457252749753949,1.1108480035126669,-0.6163432617165435,-0.45250453707961086,1
0.027545191440173023,0.5035036709037497,0.6457252749753949,-0.9002131676321613,-0.6163432617165435,-0.45250453707961086,1
1.367568629439609,-0.4408657084876608,0.6457252749753949,1.1108480035126669,0.1127235463906363,-0.7642817181258719,1
-0.5467505677024419,-0.47668305813525136,-1.5486462103223455,-0.9002131676321613,0.1127235463906363,-0.7642817181258719,0
-0.3553186479882375,-0.41772445789230395,-1.5486462103223455,-0.9002131676321613,3.0289907788193555,-0.45250453707961086,1
0.21897711115437743,-0.3071770824367775,0.6457252749753949,-0.9002131676321613,0.1127235463906363,0.4828270060591724,1
-0.9296144071308524,3.702007734083648,0.6457252749753949,-0.9002131676321613,0.1127235463906363,-0.45250453707961086,0
-0.738182487416648,-0.47668305813525136,0.6457252749753949,-0.9002131676321613,1.5708571626049959,-0.7642817181258719,1
-0.9296144071308524,-0.47668305813525136,-1.5486462103223455,-0.9002131676321613,0.841790354497816,-0.14072735603334977,1
-0.738182487416648,-0.4398339329834092,-1.5486462103223455,-0.9002131676321613,0.841790354497816,-0.14072735603334977,1
-0.5467505677024419,-0.46931323310488293,0.6457252749753949,1.1108480035126669,-0.6163432617165435,-0.14072735603334977,1
-0.9296144071308524,-0.4600272535666187,0.6457252749753949,1.1108480035126669,0.1127235463906363,-0.7642817181258719,1
-0.738182487416648,3.805185284508806,0.6457252749753949,-0.9002131676321613,-0.6163432617165435,-0.14072735603334977,1
-0.738182487416648,-0.4324641079530408,0.6457252749753949,-0.9002131676321613,0.841790354497816,-0.45250453707961086,1
-0.1638867282740314,-0.1892598819508826,0.6457252749753949,-0.9002131676321613,-0.6163432617165435,-0.45250453707961086,0
-0.3553186479882375,-0.36613568267972496,0.6457252749753949,1.1108480035126669,-0.6163432617165435,-0.45250453707961086,1
-0.738182487416648,0.78355702205775,-1.5486462103223455,1.1108480035126669,0.1127235463906363,-0.14072735603334977,1
0.41040903086858355,-0.4105020293625429,-1.5486462103223455,-0.9002131676321613,0.1127235463906363,-0.7642817181258719,1
-0.738182487416648,-0.47668305813525136,0.6457252749753949,-0.9002131676321613,0.1127235463906363,-0.7642817181258719,0
-0.1638867282740314,-0.29243743237604064,0.6457252749753949,-0.9002131676321613,0.1127235463906363,-0.45250453707961086,0
0.21897711115437743,-0.4914227081959882,-1.5486462103223455,-0.9002131676321613,-0.6163432617165435,-0.7642817181258719,0
0.601840950582788,1.0120215979991714,0.6457252749753949,1.1108480035126669,0.1127235463906363,-0.45250453707961086,1
0.601840950582788,-0.21136935704198792,0.6457252749753949,-0.9002131676321613,0.841790354497816,1.4181585491979556,1
-0.738182487416648,-0.12352104267999622,0.6457252749753949,-0.9002131676321613,0.1127235463906363,-0.45250453707961086,1
1.941864388582224,0.3529381455333227,-1.5486462103223455,-0.9002131676321613,-0.6163432617165435,-0.45250453707961086,1
1.176136709725403,-0.47668305813525136,0.6457252749753949,1.1108480035126669,0.1127235463906363,-0.14072735603334977,1
0.21897711115437743,0.525613145994855,-1.5486462103223455,-0.9002131676321613,-0.6163432617165435,-0.45250453707961086,1
-0.3553186479882375,-0.4364438134694397,0.6457252749753949,-0.9002131676321613,0.1127235463906363,-0.7642817181258719,1
-0.9296144071308524,-0.27032795728493536,0.6457252749753949,1.1108480035126669,0.1127235463906363,-0.14072735603334977,1
0.027545191440173023,1.417361974669435,-1.5486462103223455,-0.9002131676321613,-0.6163432617165435,-0.45250453707961086,1
0.9847047900111985,0.5182433209644866,-1.5486462103223455,-0.9002131676321613,-0.6163432617165435,-0.14072735603334977,1
-0.5467505677024419,-0.06397285643461932,0.6457252749753949,-0.9002131676321613,0.1127235463906363,-0.7642817181258719,1
-0.5467505677024419,-0.4545735830441461,0.6457252749753949,-0.9002131676321613,-0.6163432617165435,-0.14072735603334977,0
-0.5467505677024419,-0.08608233152572461,-1.5486462103223455,1.1108480035126669,-0.6163432617165435,-0.14072735603334977,1
-0.738182487416648,-0.29243743237604064,0.6457252749753949,1.1108480035126669,-0.6163432617165435,0.17104982501291133,1
-0.738182487416648,-0.23193116887671583,0.6457252749753949,-0.9002131676321613,0.1127235463906363,-0.45250453707961086,1
-0.3553186479882375,3.65344058713352,-1.5486462103223455,-0.9002131676321613,-0.6163432617165435,-0.45250453707961086,0
0.027545191440173023,-0.10664414336045253,0.6457252749753949,1.1108480035126669,0.1127235463906363,-0.14072735603334977,1
0.601840950582788,-0.42833700593603447,0.6457252749753949,1.1108480035126669,1.5708571626049959,-0.45250453707961086,1
0.21897711115437743,0.42980542060006544,0.6457252749753949,1.1108480035126669,0.1127235463906363,-0.45250453707961086,1
-0.738182487416648,-0.47668305813525136,0.6457252749753949,1.1108480035126669,0.1127235463906363,0.7946041871054335,1
0.9847047900111985,-0.47668305813525136,0.6457252749753949,1.1108480035126669,0.1127235463906363,0.7946041871054335,1
0.21897711115437743,-0.20621047952073,-1.5486462103223455,-0.9002131676321613,-0.6163432617165435,-0.7642817181258719,1
-0.3553186479882375,3.429324207960016,0.6457252749753949,-0.9002131676321613,2.2999239707121757,-0.45250453707961086,1
-0.5467505677024419,-0.47668305813525136,0.6457252749753949,-0.9002131676321613,0.1127235463906363,-0.7642817181258719,1
-0.3553186479882375,-0.44720375801377765,0.6457252749753949,1.1108480035126669,0.1127235463906363,-0.7642817181258719,0
-0.9296144071308524,-0.47668305813525136,0.6457252749753949,-0.9002131676321613,1.5708571626049959,-0.7642817181258719,0
-0.3553186479882375,-0.47668305813525136,0.6457252749753949,-0.9002131676321613,1.5708571626049959,-0.7642817181258719,1
-0.9296144071308524,-0.47668305813525136,0.6457252749753949,-0.9002131676321613,1.5708571626049959,-0.7642817181258719,1
-0.9296144071308524,-0.4250942829226724,0.6457252749753949,1.1108480035126669,0.1127235463906363,2.353490092336739,1
-0.5467505677024419,2.84710803056091,0.6457252749753949,-0.9002131676321613,0.1127235463906363,-0.7642817181258719,1
-0.9296144071308524,-0.4029848078315671,0.6457252749753949,1.1108480035126669,-0.6163432617165435,0.17104982501291133,1
0.027545191440173023,-0.26295813225456693,-1.5486462103223455,1.1108480035126669,-0.6163432617165435,1.1063813681516945,1
-0.5467505677024419,3.5030224582637004,0.6457252749753949,-0.9002131676321613,0.1127235463906363,-0.45250453707961086,1
0.9847047900111985,-0.4029848078315671,-1.5486462103223455,-0.9002131676321613,0.841790354497816,-0.7642817181258719,0
-0.9296144071308524,3.6946379090532795,0.6457252749753949,-0.9002131676321613,0.1127235463906363,-0.7642817181258719,0
-0.1638867282740314,0.2971485700534337,0.6457252749753949,-0.9002131676321613,0.1127235463906363,-0.45250453707961086,0
-0.9296144071308524,-0.04923320637388247,0.6457252749753949,-0.9002131676321613,0.1127235463906363,-0.7642817181258719,1
1.7504324688680195,4.39337102018251,0.6457252749753949,1.1108480035126669,0.1127235463906363,-0.7642817181258719,1
-0.738182487416648,-0.29243743237604064,-1.5486462103223455,-0.9002131676321613,-0.6163432617165435,-0.14072735603334977,1
0.21897711115437743,-0.39244595803814025,0.6457252749753949,1.1108480035126669,-0.6163432617165435,1.7299357302442167,1
0.21897711115437743,4.0926084606931745,-1.5486462103223455,-0.9002131676321613,-0.6163432617165435,-0.45250453707961086,0
-0.9296144071308524,-0.4840528831656198,0.6457252749753949,-0.9002131676321613,0.1127235463906363,-0.45250453707961086,1
0.601840950582788,0.5316564025197571,0.6457252749753949,-0.9002131676321613,-0.6163432617165435,-0.45250453707961086,1
-0.1638867282740314,-0.39561498280119867,-1.5486462103223455,-0.9002131676321613,-0.6163432617165435,0.4828270060591724,0
2.3247282280106325,3.871513709782122,0.6457252749753949,-0.9002131676321613,1.5708571626049959,-0.45250453707961086,1
-0.9296144071308524,3.3482561326259637,0.6457252749753949,1.1108480035126669,-0.6163432617165435,-0.45250453707961086,0
-0.9296144071308524,-0.30032314515853487,0.6457252749753949,1.1108480035126669,-0.6163432617165435,-0.14072735603334977,1
-0.1638867282740314,-0.29980725740640907,-1.5486462103223455,-0.9002131676321613,-0.6163432617165435,0.4828270060591724,0
-0.1638867282740314,-0.507562625012495,0.6457252749753949,1.1108480035126669,-0.6163432617165435,-0.45250453707961086,1
-0.3553186479882375,3.5693508835370165,-1.5486462103223455,-0.9002131676321613,-0.6163432617165435,-0.45250453707961086,0
-0.1638867282740314,-0.29243743237604064,0.6457252749753949,1.1108480035126669,0.1127235463906363,0.17104982501291133,1
-0.5467505677024419,-0.2555883072241985,-1.5486462103223455,1.1108480035126669,-0.6163432617165435,0.17104982501291133,1
-0.3553186479882375,-0.38190710824471336,0.6457252749753949,-0.9002131676321613,0.841790354497816,-0.14072735603334977,1
-0.5467505677024419,-0.3993735935666866,-1.5486462103223455,-0.9002131676321613,-0.6163432617165435,0.7946041871054335,1
0.9847047900111985,-0.36458801942334756,-1.5486462103223455,-0.9002131676321613,-0.6163432617165435,-0.14072735603334977,1
0.41040903086858355,-0.38824515777083024,-1.5486462103223455,-0.9002131676321613,-0.6163432617165435,-0.45250453707961086,1
1.7504324688680195,-0.44676156851195553,0.6457252749753949,-0.9002131676321613,0.1127235463906363,-0.7642817181258719,1
0.21897711115437743,-0.26295813225456693,0.6457252749753949,1.1108480035126669,0.1127235463906363,-0.45250453707961086,1
0.9847047900111985,-0.4103546328619355,0.6457252749753949,1.1108480035126669,0.1127235463906363,-0.7642817181258719,1
-0.9296144071308524,0.11290294429422298,-1.5486462103223455,-0.9002131676321613,0.1127235463906363,-0.7642817181258719,0
-0.9296144071308524,-0.4250942829226724,0.6457252749753949,1.1108480035126669,0.1127235463906363,-0.7642817181258719,1
0.027545191440173023,-0.47668305813525136,0.6457252749753949,1.1108480035126669,-0.6163432617165435,1.4181585491979556,1
-0.738182487416648,-0.4545735830441461,0.6457252749753949,1.1108480035126669,-0.6163432617165435,1.4181585491979556,1
-0.9296144071308524,-0.4077014958510029,0.6457252749753949,-0.9002131676321613,-0.6163432617165435,-0.45250453707961086,1
0.601840950582788,-0.4103546328619355,-1.5486462103223455,-0.9002131676321613,0.1127235463906363,-0.7642817181258719,0
-0.9296144071308524,0.2645002451689015,-1.5486462103223455,-0.9002131676321613,-0.6163432617165435,-0.45250453707961086,1
-0.3553186479882375,-0.47668305813525136,0.6457252749753949,1.1108480035126669,0.1127235463906363,-0.7642817181258719,1
-0.738182487416648,-0.38824515777083024,0.6457252749753949,1.1108480035126669,-0.6163432617165435,1.4181585491979556,1
-0.5467505677024419,-0.3735055077100934,0.6457252749753949,1.1108480035126669,-0.6163432617165435,-0.7642817181258719,1
-0.5467505677024419,3.531101491629404,0.6457252749753949,-0.9002131676321613,0.1127235463906363,-0.45250453707961086,0
-0.9296144071308524,0.3266278701749074,0.6457252749753949,1.1108480035126669,0.1127235463906363,-0.7642817181258719,1
0.21897711115437743,-0.19662970698125107,-1.5486462103223455,-0.9002131676321613,-0.6163432617165435,-0.45250453707961086,0
2.3247282280106325,-0.2011253002497758,0.6457252749753949,1.1108480035126669,-0.6163432617165435,-0.45250453707961086,1
-0.9296144071308524,-0.4840528831656198,-1.5486462103223455,1.1108480035126669,0.1127235463906363,-0.7642817181258719,0
-0.738182487416648,-0.49879253322635664,0.6457252749753949,-0.9002131676321613,-0.6163432617165435,-0.45250453707961086,0
1.367568629439609,-0.47668305813525136,0.6457252749753949,1.1108480035126669,2.2999239707121757,-0.7642817181258719,1
-0.738182487416648,-0.47668305813525136,0.6457252749753949,1.1108480035126669,0.1127235463906363,-0.7642817181258719,1
-0.9296144071308524,-0.4840528831656198,-1.5486462103223455,-0.9002131676321613,0.841790354497816,-0.7642817181258719,1
-0.3553186479882375,-0.2694435782812912,0.6457252749753949,-0.9002131676321613,-0.6163432617165435,0.17104982501291133,1
-0.1638867282740314,0.13501241938532826,-1.5486462103223455,1.1108480035126669,-0.6163432617165435,-0.14072735603334977,1
-0.3553186479882375,-0.5135321832870935,0.6457252749753949,-0.9002131676321613,-0.6163432617165435,-0.7642817181258719,1
-0.738182487416648,-0.4619434080745145,-1.5486462103223455,1.1108480035126669,-0.6163432617165435,-0.45250453707961086,0
-0.9296144071308524,-0.4398339329834092,0.6457252749753949,1.1108480035126669,-0.6163432617165435,-0.14072735603334977,1
-0.3553186479882375,0.6951191216933289,0.6457252749753949,-0.9002131676321613,-0.6163432617165435,-0.14072735603334977,1
-0.1638867282740314,-0.3587658576493565,0.6457252749753949,1.1108480035126669,0.1127235463906363,-0.45250453707961086,1
-0.1638867282740314,-0.3440262075886196,0.6457252749753949,1.1108480035126669,-0.6163432617165435,0.17104982501291133,1
-0.9296144071308524,-0.3366563825582512,-1.5486462103223455,-0.9002131676321613,-0.6163432617165435,-0.45250453707961086,0
-0.738182487416648,-0.4250942829226724,-1.5486462103223455,1.1108480035126669,-0.6163432617165435,-0.45250453707961086,1
-0.1638867282740314,2.5044111666487785,0.6457252749753949,1.1108480035126669,0.1127235463906363,-0.14072735603334977,1
-0.9296144071308524,3.841887013160041,-1.5486462103223455,-0.9002131676321613,-0.6163432617165435,-0.45250453707961086,0
-0.9296144071308524,-0.4398339329834092,0.6457252749753949,-0.9002131676321613,0.1127235463906363,-0.7642817181258719,1
1.7504324688680195,0.4445450706608023,-1.5486462103223455,-0.9002131676321613,-0.6163432617165435,0.4828270060591724,1
-0.9296144071308524,-0.2850676073456722,0.6457252749753949,1.1108480035126669,-0.6163432617165435,1.4181585491979556,1
0.601840950582788,4.071751855857232,0.6457252749753949,-0.9002131676321613,-0.6163432617165435,-0.45250453707961086,1
-0.1638867282740314,-0.4619434080745145,0.6457252749753949,-0.9002131676321613,-0.6163432617165435,-0.14072735603334977,1
1.176136709725403,-0.27032795728493536,-1.5486462103223455,-0.9002131676321613,-0.6163432617165435,-0.45250453707961086,1
-0.5467505677024419,0.5698320961770657,0.6457252749753949,1.1108480035126669,-0.6163432617165435,-0.45250453707961086,0
1.7504324688680195,0.1463619499320957,0.6457252749753949,1.1108480035126669,-0.6163432617165435,1.1063813681516945,1
-0.1638867282740314,-0.40497466058976656,0.6457252749753949,1.1108480035126669,-0.6163432617165435,0.7946041871054335,1
-0.9296144071308524,-0.4600272535666187,0.6457252749753949,1.1108480035126669,-0.6163432617165435,0.7946041871054335,0
1.5590005491538135,-0.2555883072241985,0.6457252749753949,1.1108480035126669,-0.6163432617165435,0.7946041871054335,1
-0.738182487416648,-0.48810628693232244,0.6457252749753949,-0.9002131676321613,0.1127235463906363,-0.7642817181258719,1
-0.9296144071308524,-0.4545735830441461,0.6457252749753949,-0.9002131676321613,0.1127235463906363,-0.7642817181258719,0
-0.738182487416648,-0.4250942829226724,-1.5486462103223455,-0.9002131676321613,0.841790354497816,-0.45250453707961086,0
-0.1638867282740314,-0.47668305813525136,0.6457252749753949,1.1108480035126669,-0.6163432617165435,-0.45250453707961086,1
-0.1638867282740314,-0.4840528831656198,0.6457252749753949,-0.9002131676321613,-0.6163432617165435,-0.14072735603334977,1
-0.9296144071308524,-0.4840528831656198,-1.5486462103223455,1.1108480035126669,1.5708571626049959,-0.14072735603334977,1
-0.9296144071308524,-0.47668305813525136,-1.5486462103223455,-0.9002131676321613,1.5708571626049959,-0.14072735603334977,1
1.5590005491538135,-0.4390232522300687,-1.5486462103223455,-0.9002131676321613,1.5708571626049959,-0.14072735603334977,1
-0.738182487416648,-0.4914227081959882,-1.5486462103223455,-0.9002131676321613,-0.6163432617165435,0.17104982501291133,0
-0.738182487416648,3.97469126020728,0.6457252749753949,-0.9002131676321613,-0.6163432617165435,-0.45250453707961086,0
-0.3553186479882375,-0.24084865716346163,-1.5486462103223455,1.1108480035126669,-0.6163432617165435,-0.45250453707961086,1
-0.1638867282740314,3.8449823396727956,0.6457252749753949,1.1108480035126669,-0.6163432617165435,-0.14072735603334977,1
0.027545191440173023,-0.4103546328619355,0.6457252749753949,1.1108480035126669,-0.6163432617165435,-0.14072735603334977,1
-0.3553186479882375,2.957655406016437,0.6457252749753949,-0.9002131676321613,-0.6163432617165435,-0.14072735603334977,1
-0.3553186479882375,0.053944344051275545,-1.5486462103223455,-0.9002131676321613,-0.6163432617165435,-0.45250453707961086,0
0.41040903086858355,-0.42973727269180445,0.6457252749753949,1.1108480035126669,0.1127235463906363,-0.7642817181258719,1
1.367568629439609,0.8941043975132765,0.6457252749753949,-0.9002131676321613,-0.6163432617165435,-0.14072735603334977,1
-0.738182487416648,-0.1818900569205142,0.6457252749753949,-0.9002131676321613,-0.6163432617165435,-0.45250453707961086,0
0.41040903086858355,0.024465043929801828,0.6457252749753949,1.1108480035126669,-0.6163432617165435,-0.14072735603334977,1
-0.1638867282740314,2.4394830081312326,0.6457252749753949,-0.9002131676321613,-0.6163432617165435,0.17104982501291133,1
-0.1638867282740314,-0.32965504877940116,-1.5486462103223455,-0.9002131676321613,-0.6163432617165435,1.1063813681516945,1
-0.5467505677024419,-0.4324641079530408,-1.5486462103223455,-0.9002131676321613,-0.6163432617165435,1.1063813681516945,1
0.027545191440173023,-0.3735055077100934,-1.5486462103223455,1.1108480035126669,0.1127235463906363,0.17104982501291133,1
1.5590005491538135,-0.39863661106364967,-1.5486462103223455,-0.9002131676321613,-0.6163432617165435,0.4828270060591724,1
0.027545191440173023,-0.47668305813525136,-1.5486462103223455,-0.9002131676321613,1.5708571626049959,-0.7642817181258719,1
-0.1638867282740314,0.4519148956911707,-1.5486462103223455,-0.9002131676321613,-0.6163432617165435,-0.45250453707961086,0
-0.738182487416648,1.0120215979991714,-1.5486462103223455,-0.9002131676321613,-0.6163432617165435,0.17104982501291133,0
-0.5467505677024419,-0.3470478358510707,0.6457252749753949,-0.9002131676321613,0.1127235463906363,0.4828270060591724,1
-0.5467505677024419,-0.3735055077100934,0.6457252749753949,1.1108480035126669,0.1127235463906363,0.4828270060591724,1
-0.1638867282740314,-0.3587658576493565,0.6457252749753949,1.1108480035126669,0.1127235463906363,0.7946041871054335,1
1.5590005491538135,-0.3735055077100934,0.6457252749753949,-0.9002131676321613,0.1127235463906363,-0.7642817181258719,0
0.41040903086858355,0.7540777219362763,-1.5486462103223455,-0.9002131676321613,-0.6163432617165435,-0.45250453707961086,1
0.21897711115437743,0.375268715375339,-1.5486462103223455,-0.9002131676321613,0.841790354497816,-0.7642817181258719,1
-0.738182487416648,-0.47668305813525136,0.6457252749753949,-0.9002131676321613,0.841790354497816,-0.7642817181258719,1
-0.5467505677024419,-0.21136935704198792,0.6457252749753949,-0.9002131676321613,-0.6163432617165435,-0.14072735603334977,1
-0.9296144071308524,-0.4545735830441461,0.6457252749753949,1.1108480035126669,-0.6163432617165435,-0.45250453707961086,1
-0.5467505677024419,-0.14504093176867205,-1.5486462103223455,-0.9002131676321613,0.1127235463906363,-0.7642817181258719,0
-0.738182487416648,0.07605381914238084,-1.5486462103223455,-0.9002131676321613,-0.6163432617165435,-0.45250453707961086,1
-0.1638867282740314,-0.39561498280119867,0.6457252749753949,-0.9002131676321613,-0.6163432617165435,-0.45250453707961086,0
0.41040903086858355,-0.38824515777083024,-1.5486462103223455,-0.9002131676321613,0.1127235463906363,-0.7642817181258719,0
-0.5467505677024419,3.891780728615635,-1.5486462103223455,-0.9002131676321613,-0.6163432617165435,0.17104982501291133,0
1.176136709725403,4.023037312406497,-1.5486462103223455,-0.9002131676321613,-0.6163432617165435,0.17104982501291133,0
1.176136709725403,3.91728032322071,-1.5486462103223455,-0.9002131676321613,-0.6163432617165435,0.17104982501291133,1
-0.3553186479882375,-0.45759521130659714,0.6457252749753949,1.1108480035126669,1.5708571626049959,-0.45250453707961086,1
-0.9296144071308524,-0.46931323310488293,-1.5486462103223455,1.1108480035126669,0.1127235463906363,-0.7642817181258719,0
-0.5467505677024419,-0.4619434080745145,0.6457252749753949,-0.9002131676321613,0.1127235463906363,-0.7642817181258719,0
-0.1638867282740314,-0.47668305813525136,0.6457252749753949,1.1108480035126669,-0.6163432617165435,1.4181585491979556,0
-0.1638867282740314,-0.4619434080745145,0.6457252749753949,1.1108480035126669,-0.6163432617165435,1.4181585491979556,1
-0.738182487416648,-0.47668305813525136,0.6457252749753949,-0.9002131676321613,0.1127235463906363,-0.7642817181258719,0
-0.3553186479882375,-0.21136935704198792,-1.5486462103223455,1.1108480035126669,-0.6163432617165435,4.224153178614306,1
-0.9296144071308524,-0.4029848078315671,-1.5486462103223455,1.1108480035126669,0.1127235463906363,-0.7642817181258719,0
0.9847047900111985,1.1520482735761715,-1.5486462103223455,-0.9002131676321613,-0.6163432617165435,-0.45250453707961086,0
0.21897711115437743,0.4445450706608023,0.6457252749753949,-0.9002131676321613,0.1127235463906363,-0.45250453707961086,1
-0.738182487416648,-0.41772445789230395,0.6457252749753949,-0.9002131676321613,-0.6163432617165435,-0.45250453707961086,0
-0.738182487416648,-0.29243743237604064,-1.5486462103223455,1.1108480035126669,-0.6163432617165435,2.6652672733830003,1
-0.5467505677024419,-0.3808753327404618,0.6457252749753949,1.1108480035126669,-0.6163432617165435,2.6652672733830003,0
-0.9296144071308524,-0.35139603261898805,0.6457252749753949,1.1108480035126669,-0.6163432617165435,2.6652672733830003,0
0.027545191440173023,-0.3410045793261686,-1.5486462103223455,1.1108480035126669,-0.6163432617165435,2.6652672733830003,0
2.5161601477248405,-0.38500243475746815,0.6457252749753949,1.1108480035126669,-0.6163432617165435,2.6652672733830003,1
-0.5467505677024419,-0.47668305813525136,0.6457252749753949,-0.9002131676321613,0.841790354497816,-0.7642817181258719,1
-0.9296144071308524,-0.5029933334936666,0.6457252749753949,1.1108480035126669,2.2999239707121757,-0.7642817181258719,1
-0.738182487416648,-0.38824515777083024,0.6457252749753949,1.1108480035126669,2.2999239707121757,-0.7642817181258719,1
0.027545191440173023,-0.19662970698125107,-1.5486462103223455,-0.9002131676321613,-0.6163432617165435,-0.45250453707961086,1
-0.1638867282740314,-0.3366563825582512,0.6457252749753949,1.1108480035126669,-0.6163432617165435,-0.45250453707961086,1
0.027545191440173023,-0.46931323310488293,0.6457252749753949,-0.9002131676321613,1.5708571626049959,-0.45250453707961086,1
-0.9296144071308524,-0.4029848078315671,0.6457252749753949,-0.9002131676321613,0.1127235463906363,-0.7642817181258719,1
-0.5467505677024419,-0.4619434080745145,0.6457252749753949,-0.9002131676321613,0.1127235463906363,-0.7642817181258719,1
-0.9296144071308524,2.839738205530542,0.6457252749753949,-0.9002131676321613,-0.6163432617165435,0.17104982501291133,0
1.5590005491538135,4.3431825117257015,0.6457252749753949,-0.9002131676321613,-0.6163432617165435,-0.14072735603334977,1
-0.3553186479882375,-0.015332011234187733,0.6457252749753949,-0.9002131676321613,0.1127235463906363,-0.7642817181258719,1
-0.3553186479882375,-0.47668305813525136,0.6457252749753949,1.1108480035126669,2.2999239707121757,-0.7642817181258719,1
-0.1638867282740314,-0.46791296634911295,0.6457252749753949,1.1108480035126669,2.2999239707121757,-0.7642817181258719,1
-0.3553186479882375,-0.46931323310488293,0.6457252749753949,1.1108480035126669,2.2999239707121757,-0.7642817181258719,1
-0.3553186479882375,-0.29243743237604064,0.6457252749753949,-0.9002131676321613,-0.6163432617165435,0.4828270060591724,1
0.601840950582788,-0.4398339329834092,-1.5486462103223455,1.1108480035126669,-0.6163432617165435,0.7946041871054335,0
0.21897711115437743,-0.47668305813525136,0.6457252749753949,1.1108480035126669,0.1127235463906363,-0.14072735603334977,1
0.9847047900111985,-0.14504093176867205,-1.5486462103223455,1.1108480035126669,-0.6163432617165435,1.4181585491979556,1
-0.3553186479882375,-0.22610900710272477,-1.5486462103223455,1.1108480035126669,-0.6163432617165435,1.4181585491979556,1
-0.5467505677024419,-0.32191673249751435,-1.5486462103223455,1.1108480035126669,-0.6163432617165435,0.17104982501291133,1
-0.5467505677024419,-0.38153861699319497,-1.5486462103223455,-0.9002131676321613,-0.6163432617165435,0.17104982501291133,0
-0.738182487416648,-0.47668305813525136,-1.5486462103223455,1.1108480035126669,-0.6163432617165435,0.17104982501291133,0
1.5590005491538135,-0.4898013466893072,-1.5486462103223455,1.1108480035126669,-0.6163432617165435,0.17104982501291133,0
-0.9296144071308524,-0.47668305813525136,0.6457252749753949,1.1108480035126669,0.1127235463906363,-0.7642817181258719,1
-0.9296144071308524,-0.46931323310488293,0.6457252749753949,1.1108480035126669,0.1127235463906363,0.4828270060591724,1
0.9847047900111985,-0.24821848219383005,0.6457252749753949,1.1108480035126669,-0.6163432617165435,-0.14072735603334977,1
0.027545191440173023,3.518204297826259,0.6457252749753949,-0.9002131676321613,0.1127235463906363,-0.7642817181258719,0
-0.5467505677024419,-0.3808753327404618,0.6457252749753949,-0.9002131676321613,-0.6163432617165435,0.7946041871054335,1
-0.5467505677024419,1.093089673333224,-1.5486462103223455,-0.9002131676321613,-0.6163432617165435,-0.14072735603334977,1
-0.3553186479882375,1.070685405240904,0.6457252749753949,-0.9002131676321613,0.841790354497816,-0.7642817181258719,1
-0.9296144071308524,-0.4914227081959882,0.6457252749753949,-0.9002131676321613,0.841790354497816,-0.7642817181258719,1
-0.738182487416648,-0.4029848078315671,0.6457252749753949,-0.9002131676321613,0.841790354497816,-0.14072735603334977,1
-0.738182487416648,-0.3808753327404618,0.6457252749753949,1.1108480035126669,0.1127235463906363,2.0417129112904777,1
-0.738182487416648,3.97469126020728,0.6457252749753949,-0.9002131676321613,-0.6163432617165435,-0.45250453707961086,0
-0.3553186479882375,-0.26295813225456693,0.6457252749753949,-0.9002131676321613,-0.6163432617165435,0.17104982501291133,1
-0.9296144071308524,-0.29243743237604064,0.6457252749753949,-0.9002131676321613,0.1127235463906363,0.17104982501291133,1
-0.5467505677024419,-0.38824515777083024,0.6457252749753949,1.1108480035126669,-0.6163432617165435,-0.45250453707961086,1
0.21897711115437743,-0.21873918207235635,0.6457252749753949,-0.9002131676321613,-0.6163432617165435,0.17104982501291133,1
-0.738182487416648,-0.15838031507363892,0.6457252749753949,1.1108480035126669,-0.6163432617165435,-0.14072735603334977,1
0.21897711115437743,2.648122754740963,0.6457252749753949,-0.9002131676321613,-0.6163432617165435,-0.14072735603334977,1
0.601840950582788,-0.2555883072241985,0.6457252749753949,-0.9002131676321613,0.1127235463906363,-0.14072735603334977,1
-0.5467505677024419,0.40769594550896016,0.6457252749753949,1.1108480035126669,-0.6163432617165435,-0.45250453707961086,1
-0.3553186479882375,0.1939710196282757,-1.5486462103223455,-0.9002131676321613,-0.6163432617165435,-0.14072735603334977,1
-0.1638867282740314,-0.4545735830441461,0.6457252749753949,-0.9002131676321613,0.1127235463906363,-0.7642817181258719,1
-0.1638867282740314,3.985156411750403,0.6457252749753949,-0.9002131676321613,-0.6163432617165435,-0.45250453707961086,1
-0.9296144071308524,-0.4029848078315671,0.6457252749753949,1.1108480035126669,-0.6163432617165435,-0.14072735603334977,1
-0.1638867282740314,-0.1597805818294089,0.6457252749753949,-0.9002131676321613,0.1127235463906363,-0.14072735603334977,1
-0.9296144071308524,-0.4029848078315671,0.6457252749753949,-0.9002131676321613,-0.6163432617165435,-0.14072735603334977,1
-0.5467505677024419,-0.41772445789230395,0.6457252749753949,-0.9002131676321613,1.5708571626049959,-0.7642817181258719,1
-0.1638867282740314,-0.4914227081959882,0.6457252749753949,1.1108480035126669,-0.6163432617165435,0.17104982501291133,1
1.7504324688680195,0.25292961987122314,0.6457252749753949,-0.9002131676321613,0.1127235463906363,-0.45250453707961086,1
-0.5467505677024419,-0.3544176608814391,0.6457252749753949,1.1108480035126669,-0.6163432617165435,0.7946041871054335,0
-0.9296144071308524,-0.47668305813525136,0.6457252749753949,1.1108480035126669,-0.6163432617165435,0.7946041871054335,0
-0.1638867282740314,-0.4029848078315671,0.6457252749753949,1.1108480035126669,-0.6163432617165435,0.7946041871054335,1
-0.1638867282740314,-0.5029933334936666,0.6457252749753949,-0.9002131676321613,0.1127235463906363,-0.7642817181258719,0
-0.9296144071308524,-0.47668305813525136,0.6457252749753949,1.1108480035126669,0.841790354497816,-0.7642817181258719,1
-0.738182487416648,0.23082014478011786,0.6457252749753949,-0.9002131676321613,-0.6163432617165435,-0.45250453707961086,1
-0.9296144071308524,-0.47668305813525136,0.6457252749753949,-0.9002131676321613,0.1127235463906363,-0.7642817181258719,1
0.9847047900111985,-0.2307519968718569,0.6457252749753949,1.1108480035126669,-0.6163432617165435,2.353490092336739,1
-0.738182487416648,-0.3366563825582512,0.6457252749753949,1.1108480035126669,-0.6163432617165435,2.353490092336739,1
0.41040903086858355,-0.3735055077100934,-1.5486462103223455,1.1108480035126669,-0.6163432617165435,0.17104982501291133,1
-0.738182487416648,-0.47668305813525136,0.6457252749753949,1.1108480035126669,0.841790354497816,-0.14072735603334977,0
0.793272870296994,-0.26295813225456693,0.6457252749753949,1.1108480035126669,0.841790354497816,-0.14072735603334977,1
1.176136709725403,-0.3841180557538239,0.6457252749753949,1.1108480035126669,0.841790354497816,-0.14072735603334977,1
-0.738182487416648,0.4445450706608023,-1.5486462103223455,-0.9002131676321613,0.1127235463906363,-0.14072735603334977,1
-0.9296144071308524,-0.4029848078315671,0.6457252749753949,1.1108480035126669,-0.6163432617165435,2.353490092336739,1
0.21897711115437743,-0.10428579935073462,0.6457252749753949,1.1108480035126669,-0.6163432617165435,2.353490092336739,1
1.367568629439609,-0.38529722775868286,0.6457252749753949,1.1108480035126669,-0.6163432617165435,2.6652672733830003,1
-0.9296144071308524,-0.3729896199579676,0.6457252749753949,1.1108480035126669,-0.6163432617165435,2.6652672733830003,0
-0.1638867282740314,-0.3409308810758649,0.6457252749753949,1.1108480035126669,-0.6163432617165435,2.6652672733830003,0
2.3247282280106325,-0.36613568267972496,0.6457252749753949,1.1108480035126669,-0.6163432617165435,2.6652672733830003,1
-0.5467505677024419,-0.4029848078315671,0.6457252749753949,1.1108480035126669,-0.6163432617165435,0.4828270060591724,1
-0.3553186479882375,-0.4292140151146483,0.6457252749753949,1.1108480035126669,0.1127235463906363,-0.7642817181258719,1
-0.9296144071308524,0.3266278701749074,0.6457252749753949,-0.9002131676321613,0.1127235463906363,-0.7642817181258719,1
-0.9296144071308524,-0.44108680323857186,0.6457252749753949,-0.9002131676321613,0.1127235463906363,-0.7642817181258719,1
-0.1638867282740314,-0.47668305813525136,-1.5486462103223455,-0.9002131676321613,0.1127235463906363,-0.7642817181258719,0
-0.9296144071308524,0.34873734526601274,0.6457252749753949,-0.9002131676321613,-0.6163432617165435,0.17104982501291133,1
-0.9296144071308524,-0.224192852594829,0.6457252749753949,1.1108480035126669,-0.6163432617165435,-0.45250453707961086,1
-0.9296144071308524,0.8277759722399607,0.6457252749753949,-0.9002131676321613,-0.6163432617165435,-0.14072735603334977,1
-0.9296144071308524,2.183823777827752,0.6457252749753949,-0.9002131676321613,0.1127235463906363,-0.45250453707961086,0
1.367568629439609,-0.47668305813525136,0.6457252749753949,1.1108480035126669,0.841790354497816,-0.45250453707961086,1
-0.1638867282740314,-0.47690415288616245,0.6457252749753949,1.1108480035126669,0.841790354497816,-0.45250453707961086,1
-0.738182487416648,-0.35139603261898805,-1.5486462103223455,1.1108480035126669,0.1127235463906363,-0.7642817181258719,1
0.21897711115437743,-0.29243743237604064,0.6457252749753949,1.1108480035126669,0.1127235463906363,-0.14072735603334977,1
-0.738182487416648,-0.480736461901954,0.6457252749753949,-0.9002131676321613,0.1127235463906363,-0.7642817181258719,1
-0.3553186479882375,-0.29243743237604064,0.6457252749753949,1.1108480035126669,-0.6163432617165435,0.17104982501291133,1
0.21897711115437743,-0.41005983986072075,-1.5486462103223455,1.1108480035126669,-0.6163432617165435,-0.45250453707961086,1
-0.738182487416648,-0.2555883072241985,0.6457252749753949,1.1108480035126669,-0.6163432617165435,-0.45250453707961086,0
-0.5467505677024419,3.6725284339621744,0.6457252749753949,-0.9002131676321613,-0.6163432617165435,0.17104982501291133,0
-0.9296144071308524,-0.24423877667743113,0.6457252749753949,1.1108480035126669,0.1127235463906363,-0.7642817181258719,1
-0.3553186479882375,-0.4619434080745145,-1.5486462103223455,-0.9002131676321613,0.841790354497816,-0.7642817181258719,0
0.21897711115437743,-0.2555883072241985,0.6457252749753949,1.1108480035126669,-0.6163432617165435,-0.45250453707961086,1
1.367568629439609,-0.4398339329834092,-1.5486462103223455,-0.9002131676321613,0.841790354497816,-0.7642817181258719,0
-0.9296144071308524,-0.4029848078315671,0.6457252749753949,1.1108480035126669,-0.6163432617165435,0.7946041871054335,1
-0.9296144071308524,2.412288353769173,0.6457252749753949,-0.9002131676321613,0.1127235463906363,-0.45250453707961086,0
-0.9296144071308524,0.2750390949623284,0.6457252749753949,-0.9002131676321613,-0.6163432617165435,-0.14072735603334977,0
0.027545191440173023,-0.3366563825582512,0.6457252749753949,1.1108480035126669,-0.6163432617165435,-0.45250453707961086,0
-0.9296144071308524,-0.48994874318991455,-1.5486462103223455,-0.9002131676321613,0.841790354497816,-0.7642817181258719,1
-0.5467505677024419,-0.4619434080745145,0.6457252749753949,-0.9002131676321613,0.1127235463906363,-0.7642817181258719,1
-0.9296144071308524,-0.4250942829226724,0.6457252749753949,-0.9002131676321613,0.841790354497816,-0.7642817181258719,1
0.601840950582788,-0.46931323310488293,0.6457252749753949,-0.9002131676321613,0.1127235463906363,-0.7642817181258719,1
-0.738182487416648,-0.13767110673830363,-1.5486462103223455,1.1108480035126669,0.1127235463906363,-0.45250453707961086,0
0.601840950582788,2.290686240768094,0.6457252749753949,-0.9002131676321613,0.1127235463906363,0.4828270060591724,1
-0.738182487416648,-0.47668305813525136,0.6457252749753949,-0.9002131676321613,0.1127235463906363,-0.7642817181258719,1
-0.9296144071308524,-0.3292865575278828,0.6457252749753949,-0.9002131676321613,-0.6163432617165435,-0.14072735603334977,1
-0.5467505677024419,-0.4840528831656198,0.6457252749753949,-0.9002131676321613,-0.6163432617165435,-0.45250453707961086,0
-0.5467505677024419,4.048389510510964,0.6457252749753949,-0.9002131676321613,-0.6163432617165435,-0.45250453707961086,1
2.5161601477248405,3.8575110422244223,0.6457252749753949,-0.9002131676321613,-0.6163432617165435,-0.45250453707961086,1
0.793272870296994,0.7297572993360605,0.6457252749753949,-0.9002131676321613,-0.6163432617165435,-0.45250453707961086,1
-0.3553186479882375,3.887727324848933,0.6457252749753949,-0.9002131676321613,0.1127235463906363,-0.7642817181258719,0
-0.9296144071308524,-0.47668305813525136,0.6457252749753949,-0.9002131676321613,0.1127235463906363,0.4828270060591724,1
-0.738182487416648,-0.44720375801377765,-1.5486462103223455,1.1108480035126669,-0.6163432617165435,-0.45250453707961086,0
0.41040903086858355,0.26029944490159157,0.6457252749753949,1.1108480035126669,0.1127235463906363,-0.45250453707961086,1
-0.738182487416648,-0.4545735830441461,0.6457252749753949,1.1108480035126669,0.1127235463906363,-0.7642817181258719,1
1.367568629439609,0.039204693990538685,-1.5486462103223455,-0.9002131676321613,-0.6163432617165435,-0.45250453707961086,0
-0.738182487416648,-0.32191673249751435,0.6457252749753949,1.1108480035126669,-0.6163432617165435,-0.45250453707961086,1
0.027545191440173023,-0.06397285643461932,-1.5486462103223455,1.1108480035126669,0.1127235463906363,-0.7642817181258719,1
-0.9296144071308524,-0.3440262075886196,0.6457252749753949,1.1108480035126669,0.1127235463906363,-0.45250453707961086,1
-0.9296144071308524,-0.3366563825582512,0.6457252749753949,-0.9002131676321613,-0.6163432617165435,0.17104982501291133,0
-0.1638867282740314,-0.24821848219383005,0.6457252749753949,-0.9002131676321613,-0.6163432617165435,-0.45250453707961086,1
-0.738182487416648,-0.46931323310488293,-1.5486462103223455,-0.9002131676321613,-0.6163432617165435,-0.45250453707961086,1
-0.738182487416648,-0.41772445789230395,0.6457252749753949,1.1108480035126669,7.403391627462435,2.0417129112904777,1
-0.1638867282740314,0.5182433209644866,-1.5486462103223455,-0.9002131676321613,0.1127235463906363,-0.45250453707961086,1
0.21897711115437743,-0.39561498280119867,0.6457252749753949,1.1108480035126669,7.403391627462435,2.0417129112904777,1
-0.3553186479882375,-0.4619434080745145,0.6457252749753949,1.1108480035126669,7.403391627462435,2.0417129112904777,1
-0.5467505677024419,-0.46931323310488293,0.6457252749753949,1.1108480035126669,7.403391627462435,2.0417129112904777,1
0.027545191440173023,-0.4855268481716935,0.6457252749753949,-0.9002131676321613,7.403391627462435,1.7299357302442167,0
0.21897711115437743,-0.47668305813525136,0.6457252749753949,-0.9002131676321613,7.403391627462435,1.7299357302442167,0
1.941864388582224,-0.3735055077100934,0.6457252749753949,1.1108480035126669,7.403391627462435,1.7299357302442167,1
-0.1638867282740314,0.2381899698104863,-1.5486462103223455,-0.9002131676321613,0.1127235463906363,-0.7642817181258719,0
-0.3553186479882375,-0.21873918207235635,-1.5486462103223455,1.1108480035126669,0.1127235463906363,-0.45250453707961086,0
0.9847047900111985,-0.48626383067473034,0.6457252749753949,-0.9002131676321613,0.1127235463906363,-0.7642817181258719,0
-0.5467505677024419,0.928742575156008,0.6457252749753949,-0.9002131676321613,0.1127235463906363,-0.14072735603334977,0
0.21897711115437743,0.5919415712681709,0.6457252749753949,1.1108480035126669,0.1127235463906363,-0.7642817181258719,0
0.601840950582788,-0.32191673249751435,0.6457252749753949,1.1108480035126669,0.1127235463906363,-0.45250453707961086,0
-0.9296144071308524,-0.4029848078315671,0.6457252749753949,1.1108480035126669,-0.6163432617165435,0.4828270060591724,0
-0.3553186479882375,-0.44941470552288815,-1.5486462103223455,-0.9002131676321613,0.1127235463906363,-0.7642817181258719,0
0.793272870296994,-0.3735055077100934,0.6457252749753949,1.1108480035126669,-0.6163432617165435,0.4828270060591724,0
1.5590005491538135,-0.44720375801377765,-1.5486462103223455,1.1108480035126669,-0.6163432617165435,0.17104982501291133,0
-0.9296144071308524,-0.4250942829226724,-1.5486462103223455,-0.9002131676321613,-0.6163432617165435,0.17104982501291133,0
-0.738182487416648,-0.4545735830441461,0.6457252749753949,1.1108480035126669,-0.6163432617165435,-0.45250453707961086,0
0.601840950582788,0.7024889467236973,-1.5486462103223455,-0.9002131676321613,-0.6163432617165435,-0.7642817181258719,0
1.176136709725403,-0.29243743237604064,-1.5486462103223455,-0.9002131676321613,-0.6163432617165435,-0.14072735603334977,0
1.176136709725403,-0.3440262075886196,0.6457252749753949,1.1108480035126669,-0.6163432617165435,-0.7642817181258719,0
0.601840950582788,-0.3440262075886196,0.6457252749753949,1.1108480035126669,-0.6163432617165435,-0.45250453707961086,0
-0.738182487416648,0.12100975182762821,0.6457252749753949,-0.9002131676321613,0.1127235463906363,-0.7642817181258719,0
1.367568629439609,3.7477006492719327,0.6457252749753949,-0.9002131676321613,-0.6163432617165435,-0.45250453707961086,0
-0.9296144071308524,-0.24821848219383005,0.6457252749753949,-0.9002131676321613,-0.6163432617165435,0.17104982501291133,0
-0.738182487416648,0.4423341231516917,0.6457252749753949,-0.9002131676321613,-0.6163432617165435,-0.45250453707961086,0
-0.5467505677024419,-0.4324641079530408,0.6457252749753949,-0.9002131676321613,0.841790354497816,-0.7642817181258719,0
-0.3553186479882375,0.9088440475740134,0.6457252749753949,-0.9002131676321613,0.1127235463906363,-0.14072735603334977,0
-0.5467505677024419,-0.3366563825582512,-1.5486462103223455,1.1108480035126669,-0.6163432617165435,-0.14072735603334977,0
0.027545191440173023,-0.4545735830441461,0.6457252749753949,-0.9002131676321613,0.841790354497816,-0.7642817181258719,0
-0.9296144071308524,-0.4029848078315671,-1.5486462103223455,1.1108480035126669,-0.6163432617165435,-0.45250453707961086,0
2.3247282280106325,-0.3653987001766881,0.6457252749753949,-0.9002131676321613,1.5708571626049959,-0.7642817181258719,0
3.0904559068674535,-0.4029848078315671,0.6457252749753949,-0.9002131676321613,1.5708571626049959,-0.7642817181258719,0
0.21897711115437743,-0.2504294297029406,-1.5486462103223455,-0.9002131676321613,-0.6163432617165435,0.17104982501291133,0
-0.738182487416648,0.319258045144539,-1.5486462103223455,-0.9002131676321613,0.841790354497816,-0.7642817181258719,0
0.793272870296994,-0.4029848078315671,-1.5486462103223455,-0.9002131676321613,-0.6163432617165435,-0.45250453707961086,0
-0.5467505677024419,-0.4619434080745145,-1.5486462103223455,-0.9002131676321613,0.1127235463906363,-0.45250453707961086,0
-0.5467505677024419,-0.46931323310488293,-1.5486462103223455,-0.9002131676321613,0.1127235463906363,-0.14072735603334977,0
0.21897711115437743,-0.3808753327404618,0.6457252749753949,-0.9002131676321613,0.1127235463906363,1.4181585491979556,0
0.41040903086858355,-0.4103546328619355,0.6457252749753949,-0.9002131676321613,0.1127235463906363,-0.7642817181258719,0
-0.738182487416648,-0.4398339329834092,-1.5486462103223455,-0.9002131676321613,0.1127235463906363,-0.7642817181258719,0
0.21897711115437743,0.4445450706608023,-1.5486462103223455,1.1108480035126669,0.1127235463906363,-0.45250453707961086,0
-0.9296144071308524,-0.11556163164719833,-1.5486462103223455,-0.9002131676321613,-0.6163432617165435,-0.45250453707961086,0
-0.1638867282740314,-0.3735055077100934,-1.5486462103223455,-0.9002131676321613,-0.6163432617165435,-0.45250453707961086,0
0.21897711115437743,-0.41772445789230395,-1.5486462103223455,-0.9002131676321613,-0.6163432617165435,-0.45250453707961086,0
-0.9296144071308524,-0.2776977823153038,0.6457252749753949,1.1108480035126669,-0.6163432617165435,-0.14072735603334977,0
-0.1638867282740314,-0.1818900569205142,-1.5486462103223455,1.1108480035126669,0.1127235463906363,-0.7642817181258719,0
-0.5467505677024419,-0.3292865575278828,0.6457252749753949,-0.9002131676321613,-0.6163432617165435,2.6652672733830003,0
-0.5467505677024419,0.12027276932459141,-1.5486462103223455,-0.9002131676321613,-0.6163432617165435,0.17104982501291133,0
0.027545191440173023,0.8137733046822606,0.6457252749753949,-0.9002131676321613,1.5708571626049959,0.17104982501291133,0
0.027545191440173023,0.5329829710252234,-1.5486462103223455,-0.9002131676321613,-0.6163432617165435,-0.45250453707961086,0
0.21897711115437743,-0.3440262075886196,0.6457252749753949,1.1108480035126669,0.1127235463906363,2.353490092336739,0
-0.9296144071308524,-0.29243743237604064,0.6457252749753949,1.1108480035126669,0.1127235463906363,2.353490092336739,0
0.41040903086858355,-0.3145469074671459,0.6457252749753949,1.1108480035126669,0.1127235463906363,2.353490092336739,0
-0.738182487416648,-0.47668305813525136,0.6457252749753949,-0.9002131676321613,-0.6163432617165435,-0.7642817181258719,0
1.176136709725403,-0.4250942829226724,0.6457252749753949,1.1108480035126669,-0.6163432617165435,0.17104982501291133,0
-0.5467505677024419,-0.3071770824367775,0.6457252749753949,-0.9002131676321613,-0.6163432617165435,4.535930359660567,0
-0.3553186479882375,-0.46931323310488293,0.6457252749753949,-0.9002131676321613,0.841790354497816,1.1063813681516945,0
-0.3553186479882375,0.03183486896017026,0.6457252749753949,1.1108480035126669,0.1127235463906363,0.17104982501291133,0
-0.738182487416648,-0.46931323310488293,-1.5486462103223455,-0.9002131676321613,1.5708571626049959,2.353490092336739,0
0.21897711115437743,-0.24084865716346163,-1.5486462103223455,-0.9002131676321613,1.5708571626049959,4.535930359660567,0
-0.738182487416648,0.6744836116082972,-1.5486462103223455,-0.9002131676321613,0.1127235463906363,-0.7642817181258719,0
-0.1638867282740314,-0.4914227081959882,-1.5486462103223455,-0.9002131676321613,0.1127235463906363,-0.7642817181258719,0
-0.738182487416648,-0.36097680515846703,0.6457252749753949,-0.9002131676321613,0.841790354497816,4.224153178614306,0
-0.9296144071308524,-0.5002664982324304,0.6457252749753949,1.1108480035126669,1.5708571626049959,1.4181585491979556,0
1.367568629439609,-0.41330256287408285,0.6457252749753949,-0.9002131676321613,0.1127235463906363,1.7299357302442167,0
1.7504324688680195,-0.23642676214524055,0.6457252749753949,-0.9002131676321613,0.841790354497816,1.4181585491979556,0
4.047615505438479,-0.3366563825582512,0.6457252749753949,-0.9002131676321613,1.5708571626049959,4.8477075407068275,0
0.601840950582788,-0.3145469074671459,0.6457252749753949,-0.9002131676321613,1.5708571626049959,5.159484721753089,0
-0.5467505677024419,-0.39561498280119867,0.6457252749753949,1.1108480035126669,-0.6163432617165435,4.535930359660567,0
-0.1638867282740314,-0.3587658576493565,0.6457252749753949,-0.9002131676321613,0.1127235463906363,4.224153178614306,0
0.41040903086858355,-0.04923320637388247,-1.5486462103223455,-0.9002131676321613,-0.6163432617165435,-0.45250453707961086,0
0.027545191440173023,-0.4840528831656198,0.6457252749753949,1.1108480035126669,0.841790354497816,0.7946041871054335,0
0.41040903086858355,-0.3735055077100934,-1.5486462103223455,-0.9002131676321613,0.1127235463906363,1.7299357302442167,0
0.601840950582788,-0.4324641079530408,0.6457252749753949,-0.9002131676321613,0.1127235463906363,-0.14072735603334977,0
-0.5467505677024419,-0.4619434080745145,-1.5486462103223455,-0.9002131676321613,0.1127235463906363,-0.7642817181258719,0
-0.738182487416648,-0.3071770824367775,-1.5486462103223455,1.1108480035126669,-0.6163432617165435,1.7299357302442167,0
1.5590005491538135,-0.4022478253285302,0.6457252749753949,1.1108480035126669,0.1127235463906363,0.4828270060591724,0
-0.5467505677024419,-0.4545735830441461,0.6457252749753949,1.1108480035126669,0.1127235463906363,-0.7642817181258719,0
0.027545191440173023,-0.3587658576493565,0.6457252749753949,-0.9002131676321613,-0.6163432617165435,-0.14072735603334977,0
0.027545191440173023,-0.4619434080745145,-1.5486462103223455,-0.9002131676321613,0.1127235463906363,-0.7642817181258719,0
0.21897711115437743,0.9729615253382187,-1.5486462103223455,-0.9002131676321613,-0.6163432617165435,-0.45250453707961086,0
0.601840950582788,-0.36613568267972496,0.6457252749753949,1.1108480035126669,0.1127235463906363,-0.45250453707961086,0
0.027545191440173023,-0.22610900710272477,-1.5486462103223455,1.1108480035126669,-0.6163432617165435,0.7946041871054335,0
-0.9296144071308524,1.0709801982421188,0.6457252749753949,1.1108480035126669,0.1127235463906363,-0.14072735603334977,0
1.176136709725403,3.7093775591140163,0.6457252749753949,1.1108480035126669,3.0289907788193555,-0.14072735603334977,0
0.601840950582788,-0.29243743237604064,-1.5486462103223455,1.1108480035126669,-0.6163432617165435,0.4828270060591724,0
-0.1638867282740314,-0.3440262075886196,-1.5486462103223455,1.1108480035126669,-0.6163432617165435,0.4828270060591724,0
-0.738182487416648,-0.38824515777083024,-1.5486462103223455,-0.9002131676321613,0.1127235463906363,1.4181585491979556,0
-0.5467505677024419,-0.29243743237604064,0.6457252749753949,1.1108480035126669,-0.6163432617165435,-0.14072735603334977,0
-0.738182487416648,-0.47299814562006715,-1.5486462103223455,-0.9002131676321613,1.5708571626049959,-0.7642817181258719,0
0.027545191440173023,-0.41772445789230395,0.6457252749753949,-0.9002131676321613,1.5708571626049959,-0.7642817181258719,0
0.9847047900111985,-0.29243743237604064,0.6457252749753949,1.1108480035126669,0.841790354497816,-0.7642817181258719,0
0.41040903086858355,-0.32191673249751435,0.6457252749753949,1.1108480035126669,-0.6163432617165435,2.6652672733830003,0
0.41040903086858355,-0.27032795728493536,0.6457252749753949,-0.9002131676321613,-0.6163432617165435,0.17104982501291133,0
-0.1638867282740314,-0.4250942829226724,-1.5486462103223455,-0.9002131676321613,0.841790354497816,-0.7642817181258719,0
-0.1638867282740314,-0.39561498280119867,0.6457252749753949,1.1108480035126669,-0.6163432617165435,-0.45250453707961086,0
1.5590005491538135,-0.32191673249751435,0.6457252749753949,-0.9002131676321613,-0.6163432617165435,-0.14072735603334977,0
0.41040903086858355,-0.4767788658606462,-1.5486462103223455,-0.9002131676321613,0.1127235463906363,-0.7642817181258719,0
-0.738182487416648,-0.29980725740640907,0.6457252749753949,-0.9002131676321613,0.1127235463906363,-0.45250453707961086,0
-0.5467505677024419,-0.41772445789230395,0.6457252749753949,1.1108480035126669,-0.6163432617165435,1.7299357302442167,0
-0.9296144071308524,-0.3145469074671459,0.6457252749753949,-0.9002131676321613,-0.6163432617165435,-0.45250453707961086,0
0.027545191440173023,-0.41772445789230395,-1.5486462103223455,-0.9002131676321613,-0.6163432617165435,1.1063813681516945,0
-0.1638867282740314,-0.46931323310488293,-1.5486462103223455,-0.9002131676321613,-0.6163432617165435,1.1063813681516945,0
-0.3553186479882375,-0.3587658576493565,0.6457252749753949,-0.9002131676321613,0.1127235463906363,-0.14072735603334977,0
-0.738182487416648,-0.41772445789230395,0.6457252749753949,1.1108480035126669,-0.6163432617165435,-0.7642817181258719,0
-0.9296144071308524,0.7467078969059079,0.6457252749753949,-0.9002131676321613,-0.6163432617165435,2.0417129112904777,0
0.793272870296994,-0.29243743237604064,0.6457252749753949,-0.9002131676321613,-0.6163432617165435,-0.45250453707961086,0
3.473319746295866,-0.38161231524349865,0.6457252749753949,-0.9002131676321613,-0.6163432617165435,-0.14072735603334977,0
0.027545191440173023,-0.36613568267972496,0.6457252749753949,1.1108480035126669,0.1127235463906363,-0.7642817181258719,0
0.027545191440173023,-0.4545735830441461,-1.5486462103223455,1.1108480035126669,0.1127235463906363,-0.45250453707961086,0
-0.9296144071308524,-0.33859464654123816,0.6457252749753949,-0.9002131676321613,0.1127235463906363,-0.7642817181258719,0
-0.3553186479882375,-0.43688600297126184,0.6457252749753949,1.1108480035126669,0.1127235463906363,0.4828270060591724,0
0.21897711115437743,-0.47668305813525136,0.6457252749753949,1.1108480035126669,0.1127235463906363,0.4828270060591724,0
-0.738182487416648,-0.47668305813525136,-1.5486462103223455,1.1108480035126669,0.1127235463906363,0.4828270060591724,0
-0.9296144071308524,-0.35139603261898805,0.6457252749753949,-0.9002131676321613,-0.6163432617165435,-0.14072735603334977,0
0.601840950582788,3.83466458463028,0.6457252749753949,-0.9002131676321613,0.1127235463906363,-0.7642817181258719,0
-0.738182487416648,-0.41772445789230395,0.6457252749753949,1.1108480035126669,-0.6163432617165435,-0.45250453707961086,0
-0.3553186479882375,-0.29980725740640907,0.6457252749753949,-0.9002131676321613,-0.6163432617165435,-0.45250453707961086,0
-0.1638867282740314,0.40769594550896016,0.6457252749753949,1.1108480035126669,0.841790354497816,-0.7642817181258719,0
-0.3553186479882375,-0.29243743237604064,0.6457252749753949,1.1108480035126669,-0.6163432617165435,2.353490092336739,0
0.793272870296994,-0.3211797499944775,0.6457252749753949,1.1108480035126669,-0.6163432617165435,2.353490092336739,0
1.5590005491538135,-0.29243743237604064,0.6457252749753949,1.1108480035126669,-0.6163432617165435,2.6652672733830003,0
1.367568629439609,-0.21873918207235635,0.6457252749753949,1.1108480035126669,-0.6163432617165435,2.353490092336739,0
-0.738182487416648,-0.4840528831656198,-1.5486462103223455,-0.9002131676321613,0.1127235463906363,-0.45250453707961086,0
1.176136709725403,0.04657451902090712,0.6457252749753949,-0.9002131676321613,-0.6163432617165435,-0.45250453707961086,0
2.1332963082964285,-0.41772445789230395,0.6457252749753949,1.1108480035126669,-0.6163432617165435,-0.14072735603334977,0
0.027545191440173023,-0.21136935704198792,0.6457252749753949,1.1108480035126669,-0.6163432617165435,-0.45250453707961086,0
-0.5467505677024419,-0.4029848078315671,0.6457252749753949,-0.9002131676321613,-0.6163432617165435,-0.45250453707961086,0
-0.738182487416648,-0.1597805818294089,0.6457252749753949,-0.9002131676321613,-0.6163432617165435,-0.45250453707961086,0
0.9847047900111985,-0.3735055077100934,0.6457252749753949,-0.9002131676321613,-0.6163432617165435,-0.45250453707961086,0
0.21897711115437743,1.6016076004286457,0.6457252749753949,-0.9002131676321613,0.1127235463906363,-0.45250453707961086,0
-0.1638867282740314,-0.47668305813525136,0.6457252749753949,-0.9002131676321613,0.841790354497816,-0.7642817181258719,0
1.5590005491538135,-0.4619434080745145,-1.5486462103223455,1.1108480035126669,0.1127235463906363,-0.7642817181258719,0
-0.5467505677024419,-0.07871250649535619,0.6457252749753949,-0.9002131676321613,-0.6163432617165435,-0.45250453707961086,0
0.601840950582788,-0.4103546328619355,0.6457252749753949,1.1108480035126669,0.1127235463906363,-0.7642817181258719,0
1.176136709725403,-0.32191673249751435,0.6457252749753949,1.1108480035126669,-0.6163432617165435,-0.14072735603334977,0
0.41040903086858355,-0.4029848078315671,0.6457252749753949,1.1108480035126669,0.1127235463906363,0.7946041871054335,0
0.793272870296994,-0.3808753327404618,-1.5486462103223455,1.1108480035126669,0.1127235463906363,-0.14072735603334977,0
-0.738182487416648,0.9589588577805188,-1.5486462103223455,-0.9002131676321613,-0.6163432617165435,-0.45250453707961086,0
1.367568629439609,-0.4250942829226724,0.6457252749753949,1.1108480035126669,0.1127235463906363,-0.14072735603334977,0
0.793272870296994,-0.3292865575278828,0.6457252749753949,-0.9002131676321613,-0.6163432617165435,-0.45250453707961086,0
-0.5467505677024419,-0.3735055077100934,0.6457252749753949,-0.9002131676321613,-0.6163432617165435,-0.45250453707961086,0
-0.5467505677024419,-0.3484481026068407,-1.5486462103223455,-0.9002131676321613,-0.6163432617165435,-0.45250453707961086,0
-0.3553186479882375,-0.36613568267972496,0.6457252749753949,-0.9002131676321613,-0.6163432617165435,-0.45250453707961086,0
-0.738182487416648,0.15712189447643357,0.6457252749753949,1.1108480035126669,0.841790354497816,-0.7642817181258719,0
-0.1638867282740314,0.26029944490159157,0.6457252749753949,-0.9002131676321613,-0.6163432617165435,-0.45250453707961086,0
-0.5467505677024419,-0.4619434080745145,-1.5486462103223455,-0.9002131676321613,-0.6163432617165435,-0.45250453707961086,0
-0.3553186479882375,0.24555979484085472,-1.5486462103223455,-0.9002131676321613,-0.6163432617165435,0.17104982501291133,0
0.027545191440173023,-0.38824515777083024,0.6457252749753949,-0.9002131676321613,-0.6163432617165435,1.1063813681516945,0
-0.1638867282740314,-0.3624507701645407,0.6457252749753949,1.1108480035126669,-0.6163432617165435,1.1063813681516945,0
-0.738182487416648,-0.4250942829226724,0.6457252749753949,1.1108480035126669,0.1127235463906363,-0.45250453707961086,0
-0.1638867282740314,-0.49289667320206193,-1.5486462103223455,-0.9002131676321613,-0.6163432617165435,-0.14072735603334977,0
1.7504324688680195,-0.4103546328619355,-1.5486462103223455,1.1108480035126669,0.841790354497816,-0.7642817181258719,0
-0.1638867282740314,-0.35139603261898805,0.6457252749753949,-0.9002131676321613,-0.6163432617165435,0.17104982501291133,0
0.601840950582788,-0.3071770824367775,0.6457252749753949,1.1108480035126669,0.841790354497816,3.6005988165217837,0
0.41040903086858355,-0.47668305813525136,-1.5486462103223455,-0.9002131676321613,0.1127235463906363,-0.45250453707961086,0
-0.1638867282740314,-0.3735055077100934,0.6457252749753949,1.1108480035126669,-0.6163432617165435,-0.45250453707961086,0
-0.5467505677024419,-0.36613568267972496,0.6457252749753949,-0.9002131676321613,-0.6163432617165435,2.977044454429261,0
-0.738182487416648,-0.36613568267972496,0.6457252749753949,-0.9002131676321613,-0.6163432617165435,2.977044454429261,0
0.41040903086858355,-0.36613568267972496,0.6457252749753949,-0.9002131676321613,-0.6163432617165435,3.6005988165217837,0
-0.9296144071308524,-0.38824515777083024,0.6457252749753949,-0.9002131676321613,-0.6163432617165435,3.2888216354755224,0
0.793272870296994,-0.3587658576493565,-1.5486462103223455,-0.9002131676321613,-0.6163432617165435,0.4828270060591724,0
-0.9296144071308524,-0.3440262075886196,0.6457252749753949,1.1108480035126669,0.841790354497816,-0.14072735603334977,0
-0.1638867282740314,-0.3366563825582512,0.6457252749753949,1.1108480035126669,0.841790354497816,-0.14072735603334977,0
-0.9296144071308524,0.06131416908164397,-1.5486462103223455,-0.9002131676321613,-0.6163432617165435,-0.14072735603334977,0
-0.738182487416648,-0.4029848078315671,0.6457252749753949,1.1108480035126669,-0.6163432617165435,-0.45250453707961086,0
-0.5467505677024419,-0.21873918207235635,-1.5486462103223455,1.1108480035126669,0.1127235463906363,1.1063813681516945,0
0.793272870296994,0.5993113962985394,0.6457252749753949,1.1108480035126669,0.1127235463906363,-0.7642817181258719,0
-0.738182487416648,-0.4324641079530408,0.6457252749753949,1.1108480035126669,0.1127235463906363,-0.7642817181258719,0
-0.9296144071308524,-0.41772445789230395,0.6457252749753949,1.1108480035126669,-0.6163432617165435,0.17104982501291133,0
-0.9296144071308524,-0.4029848078315671,0.6457252749753949,-0.9002131676321613,-0.6163432617165435,0.17104982501291133,0
-0.3553186479882375,-0.1597805818294089,0.6457252749753949,1.1108480035126669,-0.6163432617165435,-0.14072735603334977,0
-0.3553186479882375,0.35537018779334434,-1.5486462103223455,-0.9002131676321613,0.1127235463906363,-0.7642817181258719,0
-0.3553186479882375,-0.3587658576493565,-1.5486462103223455,1.1108480035126669,-0.6163432617165435,0.4828270060591724,0
1.367568629439609,-0.2555883072241985,-1.5486462103223455,1.1108480035126669,-0.6163432617165435,0.4828270060591724,0
-0.3553186479882375,-0.39561498280119867,0.6457252749753949,-0.9002131676321613,-0.6163432617165435,1.1063813681516945,0
-0.3553186479882375,-0.41772445789230395,-1.5486462103223455,1.1108480035126669,-0.6163432617165435,-0.14072735603334977,0
-0.3553186479882375,-0.2555883072241985,0.6457252749753949,1.1108480035126669,0.1127235463906363,-0.14072735603334977,0
-0.5467505677024419,-0.3292865575278828,0.6457252749753949,-0.9002131676321613,0.841790354497816,1.1063813681516945,0
0.027545191440173023,-0.38824515777083024,-1.5486462103223455,1.1108480035126669,-0.6163432617165435,1.1063813681516945,0
-0.9296144071308524,-0.3373933650612881,0.6457252749753949,-0.9002131676321613,0.841790354497816,1.1063813681516945,0
1.7504324688680195,-0.29243743237604064,0.6457252749753949,-0.9002131676321613,-0.6163432617165435,1.7299357302442167,0
1.5590005491538135,-0.2519033947090143,0.6457252749753949,-0.9002131676321613,-0.6163432617165435,1.4181585491979556,0
2.707592067439045,-0.29980725740640907,0.6457252749753949,1.1108480035126669,-0.6163432617165435,0.4828270060591724,0
-0.3553186479882375,-0.4398339329834092,0.6457252749753949,-0.9002131676321613,-0.6163432617165435,0.17104982501291133,0
0.41040903086858355,-0.29243743237604064,0.6457252749753949,1.1108480035126669,-0.6163432617165435,0.17104982501291133,0
-0.9296144071308524,-0.4398339329834092,0.6457252749753949,1.1108480035126669,0.1127235463906363,-0.7642817181258719,0
1.941864388582224,-0.26295813225456693,0.6457252749753949,-0.9002131676321613,-0.6163432617165435,1.1063813681516945,0
0.9847047900111985,1.5131697000642246,0.6457252749753949,-0.9002131676321613,0.841790354497816,-0.7642817181258719,0
0.41040903086858355,0.3339976952052759,0.6457252749753949,1.1108480035126669,0.1127235463906363,0.4828270060591724,0
-0.1638867282740314,-0.36613568267972496,0.6457252749753949,-0.9002131676321613,0.1127235463906363,-0.45250453707961086,0
-0.3553186479882375,2.0320053822021618,0.6457252749753949,-0.9002131676321613,0.1127235463906363,-0.45250453707961086,0
-0.738182487416648,-0.4619434080745145,0.6457252749753949,-0.9002131676321613,-0.6163432617165435,-0.14072735603334977,0
-0.5467505677024419,-0.3808753327404618,0.6457252749753949,-0.9002131676321613,-0.6163432617165435,-0.14072735603334977,0
-0.1638867282740314,-0.47668305813525136,0.6457252749753949,1.1108480035126669,-0.6163432617165435,1.4181585491979556,0
-0.738182487416648,-0.47668305813525136,0.6457252749753949,1.1108480035126669,-0.6163432617165435,1.1063813681516945,0
2.1332963082964285,-0.3735055077100934,0.6457252749753949,1.1108480035126669,0.1127235463906363,1.4181585491979556,0
-0.5467505677024419,-0.4914227081959882,0.6457252749753949,-0.9002131676321613,-0.6163432617165435,-0.45250453707961086,0
0.21897711115437743,-0.29980725740640907,0.6457252749753949,1.1108480035126669,-0.6163432617165435,-0.14072735603334977,0
-0.5467505677024419,-0.4619434080745145,0.6457252749753949,1.1108480035126669,0.841790354497816,-0.7642817181258719,0
0.9847047900111985,-0.38824515777083024,0.6457252749753949,-0.9002131676321613,-0.6163432617165435,-0.14072735603334977,0
2.1332963082964285,-0.47668305813525136,0.6457252749753949,-0.9002131676321613,0.1127235463906363,2.0417129112904777,0
-0.1638867282740314,-0.47668305813525136,0.6457252749753949,-0.9002131676321613,0.841790354497816,-0.14072735603334977,0
0.21897711115437743,-0.47668305813525136,0.6457252749753949,-0.9002131676321613,0.841790354497816,-0.14072735603334977,0
2.5161601477248405,-0.47668305813525136,0.6457252749753949,1.1108480035126669,-0.6163432617165435,1.4181585491979556,0
-0.738182487416648,-0.46931323310488293,0.6457252749753949,1.1108480035126669,0.1127235463906363,1.4181585491979556,0
-0.5467505677024419,-0.3808753327404618,0.6457252749753949,-0.9002131676321613,-0.6163432617165435,-0.14072735603334977,0
-0.5467505677024419,-0.3145469074671459,-1.5486462103223455,1.1108480035126669,0.1127235463906363,0.4828270060591724,0
-0.5467505677024419,-0.2689866491294083,0.6457252749753949,1.1108480035126669,0.841790354497816,-0.7642817181258719,0
-0.1638867282740314,-0.3440262075886196,0.6457252749753949,1.1108480035126669,-0.6163432617165435,-0.14072735603334977,0
-0.3553186479882375,-0.27032795728493536,-1.5486462103223455,-0.9002131676321613,-0.6163432617165435,-0.45250453707961086,0
-0.9296144071308524,-0.2334788321330932,0.6457252749753949,-0.9002131676321613,-0.6163432617165435,-0.14072735603334977,0
-0.3553186479882375,0.5550924461163288,0.6457252749753949,1.1108480035126669,0.841790354497816,0.17104982501291133,0
1.367568629439609,-0.4029848078315671,0.6457252749753949,1.1108480035126669,-0.6163432617165435,0.17104982501291133,0
-0.9296144071308524,-0.29980725740640907,-1.5486462103223455,1.1108480035126669,-0.6163432617165435,0.7946041871054335,0
-0.738182487416648,-0.4103546328619355,-1.5486462103223455,-0.9002131676321613,0.1127235463906363,0.4828270060591724,0
-0.3553186479882375,-0.4619434080745145,0.6457252749753949,1.1108480035126669,0.1127235463906363,-0.14072735603334977,0
1.941864388582224,-0.14504093176867205,0.6457252749753949,1.1108480035126669,2.2999239707121757,-0.45250453707961086,0
1.941864388582224,-0.1045068941016457,0.6457252749753949,1.1108480035126669,1.5708571626049959,-0.45250453707961086,0
-0.9296144071308524,-0.4619434080745145,0.6457252749753949,1.1108480035126669,-0.6163432617165435,-0.7642817181258719,0
-0.5467505677024419,-0.4619434080745145,0.6457252749753949,1.1108480035126669,-0.6163432617165435,-0.7642817181258719,0
-0.738182487416648,-0.46931323310488293,-1.5486462103223455,-0.9002131676321613,-0.6163432617165435,0.4828270060591724,0
1.176136709725403,-0.38824515777083024,-1.5486462103223455,-0.9002131676321613,-0.6163432617165435,0.4828270060591724,0
-0.9296144071308524,-0.44720375801377765,0.6457252749753949,1.1108480035126669,0.1127235463906363,-0.7642817181258719,0
-0.5467505677024419,-0.32854957502484594,-1.5486462103223455,1.1108480035126669,0.1127235463906363,-0.7642817181258719,0
0.027545191440173023,-0.46931323310488293,-1.5486462103223455,-0.9002131676321613,-0.6163432617165435,-0.45250453707961086,0
-0.5467505677024419,-0.06397285643461932,0.6457252749753949,-0.9002131676321613,-0.6163432617165435,-0.45250453707961086,0
-0.738182487416648,-0.44720375801377765,0.6457252749753949,-0.9002131676321613,0.1127235463906363,-0.7642817181258719,0
-0.9296144071308524,1.1048813933818136,-1.5486462103223455,1.1108480035126669,-0.6163432617165435,-0.45250453707961086,0
-0.3553186479882375,-0.38824515777083024,-1.5486462103223455,-0.9002131676321613,-0.6163432617165435,-0.45250453707961086,0
-0.9296144071308524,-0.3366563825582512,0.6457252749753949,-0.9002131676321613,-0.6163432617165435,0.7946041871054335,0
-0.9296144071308524,-0.39561498280119867,0.6457252749753949,-0.9002131676321613,-0.6163432617165435,3.2888216354755224,0
-0.3553186479882375,0.5329829710252234,-1.5486462103223455,1.1108480035126669,0.1127235463906363,-0.7642817181258719,0
1.176136709725403,-0.3587658576493565,-1.5486462103223455,1.1108480035126669,-0.6163432617165435,-0.14072735603334977,0
-0.738182487416648,-0.36613568267972496,-1.5486462103223455,1.1108480035126669,0.841790354497816,0.7946041871054335,0
0.9847047900111985,0.2971485700534337,-1.5486462103223455,-0.9002131676321613,-0.6163432617165435,-0.45250453707961086,0
1.176136709725403,0.11290294429422298,0.6457252749753949,1.1108480035126669,0.841790354497816,-0.14072735603334977,0
0.41040903086858355,-0.2850676073456722,0.6457252749753949,-0.9002131676321613,-0.6163432617165435,0.17104982501291133,0
0.41040903086858355,-0.4324641079530408,0.6457252749753949,-0.9002131676321613,1.5708571626049959,0.4828270060591724,0
-0.5467505677024419,-0.39561498280119867,0.6457252749753949,-0.9002131676321613,-0.6163432617165435,1.7299357302442167,0
-0.738182487416648,-0.35139603261898805,0.6457252749753949,-0.9002131676321613,-0.6163432617165435,-0.14072735603334977,0
0.41040903086858355,-0.4324641079530408,0.6457252749753949,-0.9002131676321613,0.841790354497816,-0.7642817181258719,0
1.5590005491538135,0.30157046507165475,-1.5486462103223455,-0.9002131676321613,-0.6163432617165435,-0.45250453707961086,0
-0.1638867282740314,-0.3292865575278828,0.6457252749753949,-0.9002131676321613,-0.6163432617165435,2.0417129112904777,0
-0.5467505677024419,-0.29980725740640907,0.6457252749753949,-0.9002131676321613,0.1127235463906363,0.7946041871054335,0
-0.9296144071308524,-0.3292865575278828,0.6457252749753949,-0.9002131676321613,-0.6163432617165435,0.17104982501291133,0
-0.5467505677024419,-0.4103546328619355,0.6457252749753949,-0.9002131676321613,-0.6163432617165435,0.17104982501291133,0
3.0904559068674535,-0.3292865575278828,-1.5486462103223455,-0.9002131676321613,-0.6163432617165435,0.17104982501291133,0
-0.738182487416648,-0.47668305813525136,0.6457252749753949,-0.9002131676321613,0.1127235463906363,-0.7642817181258719,0
0.21897711115437743,0.9361124001863764,0.6457252749753949,1.1108480035126669,0.841790354497816,-0.45250453707961086,0
-0.3553186479882375,-0.2850676073456722,0.6457252749753949,-0.9002131676321613,0.841790354497816,0.4828270060591724,0
-0.9296144071308524,-0.47668305813525136,0.6457252749753949,-0.9002131676321613,-0.6163432617165435,-0.45250453707961086,0
-0.9296144071308524,-0.257799254733309,0.6457252749753949,1.1108480035126669,0.1127235463906363,-0.7642817181258719,0
-0.5467505677024419,0.9700135953260715,0.6457252749753949,-0.9002131676321613,-0.6163432617165435,0.17104982501291133,0
0.21897711115437743,3.31877683250449,0.6457252749753949,-0.9002131676321613,-0.6163432617165435,-0.45250453707961086,0
-0.738182487416648,-0.34550017259469334,0.6457252749753949,1.1108480035126669,-0.6163432617165435,-0.14072735603334977,0
-0.738182487416648,-0.43172712545000397,0.6457252749753949,-0.9002131676321613,0.1127235463906363,-0.14072735603334977,0
0.41040903086858355,-0.2614841672484932,0.6457252749753949,1.1108480035126669,-0.6163432617165435,-0.45250453707961086,0
4.047615505438479,-0.3292865575278828,0.6457252749753949,-0.9002131676321613,-0.6163432617165435,-0.45250453707961086,0
2.1332963082964285,-0.47668305813525136,0.6457252749753949,-0.9002131676321613,0.841790354497816,-0.7642817181258719,0
-0.3553186479882375,-0.47668305813525136,0.6457252749753949,1.1108480035126669,0.841790354497816,-0.7642817181258719,0
-0.3553186479882375,-0.29243743237604064,0.6457252749753949,1.1108480035126669,-0.6163432617165435,0.7946041871054335,0
0.027545191440173023,-0.26295813225456693,0.6457252749753949,-0.9002131676321613,-0.6163432617165435,0.4828270060591724,0
0.21897711115437743,-0.47668305813525136,-1.5486462103223455,-0.9002131676321613,3.0289907788193555,-0.7642817181258719,0
0.21897711115437743,-0.47668305813525136,0.6457252749753949,1.1108480035126669,-0.6163432617165435,-0.45250453707961086,0
0.41040903086858355,-0.4398339329834092,0.6457252749753949,1.1108480035126669,0.1127235463906363,-0.45250453707961086,0
0.9847047900111985,-0.47668305813525136,0.6457252749753949,1.1108480035126669,-0.6163432617165435,-0.45250453707961086,0
-0.5467505677024419,-0.47668305813525136,0.6457252749753949,1.1108480035126669,1.5708571626049959,-0.7642817181258719,0
-0.5467505677024419,-0.47668305813525136,0.6457252749753949,-0.9002131676321613,0.841790354497816,-0.7642817181258719,0
-0.738182487416648,-0.4324641079530408,-1.5486462103223455,-0.9002131676321613,-0.6163432617165435,0.4828270060591724,0
-0.5467505677024419,0.1423822444156967,0.6457252749753949,1.1108480035126669,0.1127235463906363,-0.7642817181258719,0
0.027545191440173023,-0.29243743237604064,0.6457252749753949,-0.9002131676321613,-0.6163432617165435,0.4828270060591724,0
-0.9296144071308524,0.2234503197497494,0.6457252749753949,-0.9002131676321613,0.1127235463906363,-0.14072735603334977,0
-0.3553186479882375,-0.2850676073456722,0.6457252749753949,1.1108480035126669,0.1127235463906363,-0.7642817181258719,0
-0.738182487416648,-0.47668305813525136,0.6457252749753949,1.1108480035126669,0.1127235463906363,0.4828270060591724,0
0.793272870296994,-0.47668305813525136,0.6457252749753949,-0.9002131676321613,0.1127235463906363,0.4828270060591724,0
0.41040903086858355,-0.44720375801377765,0.6457252749753949,-0.9002131676321613,0.1127235463906363,0.4828270060591724,0
-0.9296144071308524,-0.5135321832870935,-1.5486462103223455,1.1108480035126669,0.1127235463906363,-0.7642817181258719,0
-0.9296144071308524,-0.45162565303199875,0.6457252749753949,1.1108480035126669,-0.6163432617165435,-0.45250453707961086,0
-0.1638867282740314,0.8395676922885501,-1.5486462103223455,-0.9002131676321613,0.841790354497816,-0.45250453707961086,0
-0.738182487416648,-0.39561498280119867,-1.5486462103223455,-0.9002131676321613,-0.6163432617165435,-0.45250453707961086,0
-0.5467505677024419,-0.06544682144069304,0.6457252749753949,-0.9002131676321613,0.1127235463906363,-0.7642817181258719,0
-0.9296144071308524,1.1328867284972137,0.6457252749753949,-0.9002131676321613,0.1127235463906363,-0.14072735603334977,0
-0.738182487416648,0.8285129547429975,-1.5486462103223455,-0.9002131676321613,0.1127235463906363,-0.7642817181258719,0
-0.5467505677024419,-0.36097680515846703,-1.5486462103223455,-0.9002131676321613,1.5708571626049959,-0.7642817181258719,0
0.601840950582788,-0.47668305813525136,-1.5486462103223455,-0.9002131676321613,1.5708571626049959,-0.7642817181258719,0
0.027545191440173023,-0.42804221293481975,-1.5486462103223455,-0.9002131676321613,1.5708571626049959,-0.7642817181258719,0
-0.5467505677024419,-0.422146352910525,0.6457252749753949,1.1108480035126669,0.841790354497816,-0.7642817181258719,0
0.601840950582788,-0.47668305813525136,0.6457252749753949,1.1108480035126669,0.1127235463906363,1.4181585491979556,0
-0.738182487416648,-0.47668305813525136,-1.5486462103223455,-0.9002131676321613,0.1127235463906363,-0.7642817181258719,0
-0.9296144071308524,-0.3071770824367775,-1.5486462103223455,-0.9002131676321613,0.841790354497816,-0.7642817181258719,0
-0.9296144071308524,-0.48860743503438747,-1.5486462103223455,-0.9002131676321613,-0.6163432617165435,-0.45250453707961086,0
-0.3553186479882375,-0.47668305813525136,0.6457252749753949,1.1108480035126669,-0.6163432617165435,-0.14072735603334977,0
-0.738182487416648,-0.29243743237604064,-1.5486462103223455,-0.9002131676321613,-0.6163432617165435,1.4181585491979556,0
-0.9296144071308524,-0.29243743237604064,-1.5486462103223455,1.1108480035126669,1.5708571626049959,-0.45250453707961086,0
-0.738182487416648,0.2875677975139548,0.6457252749753949,-0.9002131676321613,-0.6163432617165435,-0.45250453707961086,0
0.027545191440173023,-0.47668305813525136,0.6457252749753949,1.1108480035126669,-0.6163432617165435,0.17104982501291133,0
-0.5467505677024419,-0.3145469074671459,0.6457252749753949,-0.9002131676321613,-0.6163432617165435,0.7946041871054335,0
-0.5467505677024419,-0.47668305813525136,-1.5486462103223455,-0.9002131676321613,1.5708571626049959,-0.7642817181258719,0
-0.9296144071308524,-0.36613568267972496,0.6457252749753949,-0.9002131676321613,-0.6163432617165435,0.4828270060591724,0
0.601840950582788,-0.4324641079530408,-1.5486462103223455,-0.9002131676321613,0.841790354497816,-0.7642817181258719,0
0.793272870296994,-0.3071770824367775,0.6457252749753949,1.1108480035126669,-0.6163432617165435,0.7946041871054335,0
2.2481554601249525,-0.35139603261898805,0.6457252749753949,-0.9002131676321613,-0.6163432617165435,0.7946041871054335,0
-0.738182487416648,-0.47668305813525136,-1.5486462103223455,-0.9002131676321613,0.1127235463906363,-0.7642817181258719,0
0.41040903086858355,-0.3440262075886196,-1.5486462103223455,1.1108480035126669,-0.6163432617165435,-0.45250453707961086,0
1.176136709725403,-0.47668305813525136,0.6457252749753949,1.1108480035126669,0.1127235463906363,-0.7642817181258719,0
-0.9296144071308524,-0.3071770824367775,0.6457252749753949,1.1108480035126669,1.5708571626049959,-0.14072735603334977,0
-0.3553186479882375,-0.3071770824367775,-1.5486462103223455,1.1108480035126669,-0.6163432617165435,-0.14072735603334977,0
-0.1638867282740314,0.7378641068694659,-1.5486462103223455,-0.9002131676321613,0.1127235463906363,-0.7642817181258719,0
-0.738182487416648,-0.3071770824367775,0.6457252749753949,1.1108480035126669,0.841790354497816,0.17104982501291133,0
0.027545191440173023,-0.32191673249751435,0.6457252749753949,1.1108480035126669,0.1127235463906363,-0.14072735603334977,0
0.027545191440173023,-0.04923320637388247,-1.5486462103223455,-0.9002131676321613,-0.6163432617165435,-0.14072735603334977,0
-0.3553186479882375,-0.4619434080745145,0.6457252749753949,-0.9002131676321613,-0.6163432617165435,-0.45250453707961086,0
-0.9296144071308524,-0.3071770824367775,0.6457252749753949,1.1108480035126669,0.1127235463906363,-0.7642817181258719,0
-0.3553186479882375,-0.2541143422181248,0.6457252749753949,1.1108480035126669,0.841790354497816,-0.45250453707961086,0
1.176136709725403,-0.3735055077100934,0.6457252749753949,-0.9002131676321613,-0.6163432617165435,-0.45250453707961086,0
-0.9296144071308524,-0.3735055077100934,0.6457252749753949,-0.9002131676321613,-0.6163432617165435,-0.14072735603334977,0
0.601840950582788,-0.3071770824367775,0.6457252749753949,1.1108480035126669,0.1127235463906363,0.17104982501291133,0
-0.5467505677024419,-0.020490888755445552,0.6457252749753949,1.1108480035126669,0.1127235463906363,-0.45250453707961086,0
-0.5467505677024419,-0.29980725740640907,0.6457252749753949,1.1108480035126669,0.1127235463906363,-0.7642817181258719,0
1.7504324688680195,-0.5194280433113883,-1.5486462103223455,-0.9002131676321613,0.841790354497816,-0.7642817181258719,0
0.793272870296994,-0.3292865575278828,0.6457252749753949,-0.9002131676321613,-0.6163432617165435,-0.14072735603334977,0
-0.738182487416648,-0.5194280433113883,-1.5486462103223455,-0.9002131676321613,0.1127235463906363,-0.7642817181258719,0
-0.5467505677024419,-0.47668305813525136,-1.5486462103223455,-0.9002131676321613,2.2999239707121757,-0.7642817181258719,0
1.176136709725403,-0.47668305813525136,0.6457252749753949,-0.9002131676321613,2.2999239707121757,-0.7642817181258719,0
-0.9296144071308524,-0.39561498280119867,0.6457252749753949,-0.9002131676321613,0.1127235463906363,-0.7642817181258719,0
1.176136709725403,-0.4545735830441461,0.6457252749753949,-0.9002131676321613,3.0289907788193555,-0.7642817181258719,0
-0.9296144071308524,-0.3292865575278828,0.6457252749753949,-0.9002131676321613,0.1127235463906363,-0.7642817181258719,0
-0.9296144071308524,-0.47668305813525136,0.6457252749753949,-0.9002131676321613,0.1127235463906363,-0.14072735603334977,0
-0.9296144071308524,-0.47668305813525136,-1.5486462103223455,-0.9002131676321613,-0.6163432617165435,-0.45250453707961086,0
-0.738182487416648,-0.15241075679904048,-1.5486462103223455,1.1108480035126669,0.1127235463906363,-0.14072735603334977,0
-0.5467505677024419,-0.3071770824367775,0.6457252749753949,1.1108480035126669,0.1127235463906363,0.4828270060591724,0
0.21897711115437743,0.08121269666363876,0.6457252749753949,1.1108480035126669,0.841790354497816,-0.7642817181258719,0
-0.5467505677024419,-0.09345215655609304,-1.5486462103223455,-0.9002131676321613,0.1127235463906363,-0.7642817181258719,0
-0.3553186479882375,-0.3668726651827618,0.6457252749753949,1.1108480035126669,-0.6163432617165435,-0.45250453707961086,0
0.21897711115437743,-0.3086510474428512,0.6457252749753949,1.1108480035126669,-0.6163432617165435,-0.45250453707961086,0
-0.9296144071308524,0.3715838028601548,-1.5486462103223455,-0.9002131676321613,0.1127235463906363,-0.45250453707961086,0
0.9847047900111985,-0.32191673249751435,0.6457252749753949,1.1108480035126669,0.1127235463906363,-0.14072735603334977,0
0.793272870296994,1.112251218412182,-1.5486462103223455,-0.9002131676321613,-0.6163432617165435,0.7946041871054335,0
-0.738182487416648,-0.26295813225456693,-1.5486462103223455,1.1108480035126669,0.1127235463906363,1.1063813681516945,0
-0.9296144071308524,-0.5135321832870935,-1.5486462103223455,-0.9002131676321613,-0.6163432617165435,-0.14072735603334977,0
-0.5467505677024419,-0.46931323310488293,-1.5486462103223455,1.1108480035126669,0.841790354497816,-0.7642817181258719,0
-0.738182487416648,-0.47668305813525136,0.6457252749753949,1.1108480035126669,0.841790354497816,0.7946041871054335,0
0.41040903086858355,-0.39561498280119867,0.6457252749753949,1.1108480035126669,0.841790354497816,0.7946041871054335,0
-0.3553186479882375,-0.4324641079530408,0.6457252749753949,1.1108480035126669,-0.6163432617165435,-0.45250453707961086,0
-0.3553186479882375,-0.44720375801377765,0.6457252749753949,1.1108480035126669,-0.6163432617165435,-0.45250453707961086,0
-0.9296144071308524,0.3620030303206759,-1.5486462103223455,-0.9002131676321613,-0.6163432617165435,-0.45250453707961086,0
1.5590005491538135,-0.47668305813525136,-1.5486462103223455,-0.9002131676321613,0.1127235463906363,-0.7642817181258719,0
0.027545191440173023,-0.3071770824367775,-1.5486462103223455,1.1108480035126669,-0.6163432617165435,0.7946041871054335,0
0.9847047900111985,-0.3071770824367775,0.6457252749753949,1.1108480035126669,0.1127235463906363,-0.7642817181258719,0
0.027545191440173023,-0.2776977823153038,0.6457252749753949,1.1108480035126669,0.1127235463906363,-0.45250453707961086,0
-0.9296144071308524,-0.3071770824367775,-1.5486462103223455,1.1108480035126669,0.1127235463906363,-0.45250453707961086,0
-0.738182487416648,0.4209616305636234,-1.5486462103223455,-0.9002131676321613,0.841790354497816,-0.7642817181258719,0
-0.9296144071308524,-0.47668305813525136,0.6457252749753949,-0.9002131676321613,0.1127235463906363,-0.7642817181258719,0
1.176136709725403,-0.3071770824367775,0.6457252749753949,-0.9002131676321613,-0.6163432617165435,-0.14072735603334977,0
-0.738182487416648,-0.09345215655609304,0.6457252749753949,1.1108480035126669,-0.6163432617165435,-0.14072735603334977,0
-0.5467505677024419,-0.3735055077100934,0.6457252749753949,1.1108480035126669,-0.6163432617165435,-0.45250453707961086,0
2.707592067439045,-0.3071770824367775,0.6457252749753949,1.1108480035126669,-0.6163432617165435,-0.45250453707961086,0
-0.5467505677024419,-0.4250942829226724,0.6457252749753949,1.1108480035126669,-0.6163432617165435,0.17104982501291133,0
-0.3553186479882375,-0.1818900569205142,-1.5486462103223455,-0.9002131676321613,0.1127235463906363,-0.45250453707961086,0
-0.9296144071308524,-0.3071770824367775,0.6457252749753949,-0.9002131676321613,2.2999239707121757,-0.45250453707961086,0
-0.3553186479882375,-0.16863911151591174,-1.5486462103223455,-0.9002131676321613,-0.6163432617165435,-0.7642817181258719,0
0.21897711115437743,-0.29243743237604064,0.6457252749753949,-0.9002131676321613,-0.6163432617165435,-0.14072735603334977,0
0.793272870296994,-0.2850676073456722,0.6457252749753949,-0.9002131676321613,0.841790354497816,1.1063813681516945,0
-0.738182487416648,-0.47668305813525136,-1.5486462103223455,-0.9002131676321613,0.1127235463906363,-0.45250453707961086,0
1.367568629439609,-0.4324641079530408,-1.5486462103223455,-0.9002131676321613,0.1127235463906363,-0.7642817181258719,0
-0.1638867282740314,-0.3440262075886196,0.6457252749753949,-0.9002131676321613,0.841790354497816,0.7946041871054335,0
1.367568629439609,-0.10819180661682991,0.6457252749753949,-0.9002131676321613,-0.6163432617165435,-0.45250453707961086,0
-0.1638867282740314,-0.28211967733352483,0.6457252749753949,-0.9002131676321613,0.1127235463906363,-0.45250453707961086,0
0.21897711115437743,0.20871066968901256,0.6457252749753949,1.1108480035126669,0.1127235463906363,-0.14072735603334977,0
-0.3553186479882375,-0.3071770824367775,0.6457252749753949,1.1108480035126669,0.841790354497816,-0.14072735603334977,0
0.9847047900111985,-0.3071770824367775,0.6457252749753949,1.1108480035126669,0.841790354497816,-0.14072735603334977,0
4.8133431842953005,-0.36613568267972496,-1.5486462103223455,-0.9002131676321613,-0.6163432617165435,-0.7642817181258719,1
4.239047425152684,-0.36613568267972496,-1.5486462103223455,1.1108480035126669,-0.6163432617165435,-0.7642817181258719,1
4.047615505438479,-0.3292865575278828,0.6457252749753949,-0.9002131676321613,-0.6163432617165435,-0.7642817181258719,1
4.047615505438479,-0.3735055077100934,0.6457252749753949,-0.9002131676321613,-0.6163432617165435,-0.14072735603334977,1
3.8561835857242746,-0.4029848078315671,0.6457252749753949,-0.9002131676321613,-0.6163432617165435,-0.7642817181258719,1
3.473319746295866,-0.29243743237604064,0.6457252749753949,-0.9002131676321613,-0.6163432617165435,-0.7642817181258719,1
3.473319746295866,-0.4029848078315671,-1.5486462103223455,-0.9002131676321613,-0.6163432617165435,-0.7642817181258719,1
3.281887826581658,-0.3071770824367775,0.6457252749753949,1.1108480035126669,-0.6163432617165435,-0.7642817181258719,1
3.0904559068674535,-0.4398339329834092,-1.5486462103223455,-0.9002131676321613,-0.6163432617165435,-0.7642817181258719,1
3.0904559068674535,-0.3292865575278828,-1.5486462103223455,-0.9002131676321613,-0.6163432617165435,-0.14072735603334977,1
3.0904559068674535,-0.4029848078315671,0.6457252749753949,1.1108480035126669,-0.6163432617165435,-0.7642817181258719,1
3.0904559068674535,-0.36613568267972496,0.6457252749753949,1.1108480035126669,-0.6163432617165435,-0.7642817181258719,1
2.8990239871532495,-0.3292865575278828,0.6457252749753949,1.1108480035126669,-0.6163432617165435,-0.7642817181258719,1
2.8990239871532495,-0.03449355631314561,-1.5486462103223455,1.1108480035126669,-0.6163432617165435,-0.7642817181258719,1
2.8990239871532495,-0.29243743237604064,0.6457252749753949,1.1108480035126669,-0.6163432617165435,-0.7642817181258719,1
2.8990239871532495,-0.3808753327404618,0.6457252749753949,1.1108480035126669,-0.6163432617165435,-0.7642817181258719,1
2.707592067439045,-0.36613568267972496,-1.5486462103223455,-0.9002131676321613,-0.6163432617165435,-0.7642817181258719,1
2.707592067439045,-0.4398339329834092,0.6457252749753949,-0.9002131676321613,-0.6163432617165435,-0.7642817181258719,1
2.707592067439045,-0.3071770824367775,-1.5486462103223455,1.1108480035126669,-0.6163432617165435,-0.7642817181258719,1
3.281887826581658,-0.4029848078315671,0.6457252749753949,-0.9002131676321613,0.1127235463906363,-0.7642817181258719,1
